{
"type": "FeatureCollection",
"name": "Harare-masvingo-Beitbridge-Rd",
"features": [
{ "type": "Feature", "properties": { "id": "way/23380046", "name": "Harare-Beitbridge Highway", "name_en": null, "name_sn": null, "name_nd": null, "highway": "trunk", "surface": "asphalt", "smoothness": null, "width": null, "lanes": "2", "oneway": "no", "bridge": null, "layer": null, "source": null, "adm0_pcode": "ZWE", "adm0_name": "Zimbabwe", "adm1_pcode": "ZW18", "adm1_name": "Masvingo", "adm2_pcode": "ZW1805", "adm2_name": "Masvingo", "adm3_pcode": "ZW180510", "adm3_name": "10", "adm4_pcode": null, "adm4_name": null, "name_latin": "Harare-Beitbridge Highway" }, "geometry": { "type": "LineString", "coordinates": [ [ 30.6874836, -20.3943182 ], [ 30.6891167, -20.3932321 ], [ 30.6895566, -20.3929329 ], [ 30.6898919, -20.3926689 ], [ 30.690203, -20.3923873 ], [ 30.6904873, -20.3920932 ], [ 30.690769, -20.3917513 ], [ 30.6910211, -20.391354 ], [ 30.6912088, -20.3910247 ], [ 30.6913805, -20.3906526 ], [ 30.691528, -20.390278 ], [ 30.6916273, -20.3899336 ], [ 30.691689, -20.3896759 ], [ 30.6917372, -20.3894232 ], [ 30.6917721, -20.3891039 ], [ 30.6918043, -20.388591 ], [ 30.6918257, -20.388058 ], [ 30.6918633, -20.3868713 ], [ 30.6918901, -20.3857148 ], [ 30.691933, -20.3843671 ], [ 30.6919706, -20.3832759 ], [ 30.6920189, -20.381707 ], [ 30.6920511, -20.3804021 ], [ 30.6920832, -20.3794492 ], [ 30.6921047, -20.3786949 ], [ 30.6921369, -20.377581 ], [ 30.6921825, -20.37609 ], [ 30.6922515, -20.3738674 ], [ 30.6922898, -20.373377 ], [ 30.6923313, -20.3730665 ], [ 30.6923783, -20.3727987 ], [ 30.6924212, -20.3725057 ], [ 30.6924829, -20.3722204 ], [ 30.6925821, -20.3717401 ], [ 30.6927162, -20.3711794 ], [ 30.6928048, -20.3708625 ], [ 30.6929567, -20.3704373 ], [ 30.6929737, -20.3703898 ], [ 30.6930488, -20.3701057 ], [ 30.6931561, -20.3698794 ], [ 30.6933546, -20.3693891 ], [ 30.6935495, -20.3689553 ], [ 30.6937757, -20.3683632 ], [ 30.6939608, -20.3679231 ], [ 30.6941459, -20.3674328 ], [ 30.6944355, -20.3667212 ], [ 30.6949384, -20.365489 ], [ 30.695157, -20.3649773 ], [ 30.6953623, -20.3644656 ], [ 30.6955259, -20.3640759 ], [ 30.6956815, -20.3636873 ], [ 30.6959671, -20.3629518 ], [ 30.6962219, -20.3623433 ], [ 30.696356, -20.3619686 ], [ 30.6964847, -20.3615688 ], [ 30.6966725, -20.3609251 ], [ 30.6967744, -20.3605504 ], [ 30.6968629, -20.3601531 ], [ 30.696938, -20.3597784 ], [ 30.6969917, -20.3594264 ], [ 30.697048, -20.3590316 ], [ 30.6971043, -20.3583953 ], [ 30.6971258, -20.3578899 ], [ 30.6971365, -20.3570927 ], [ 30.6971416, -20.356356 ], [ 30.6971714, -20.3520759 ], [ 30.6972374, -20.3454874 ], [ 30.6973565, -20.3336013 ], [ 30.697386, -20.3301355 ], [ 30.6974047, -20.3281737 ], [ 30.6974198, -20.3265866 ], [ 30.6974208, -20.326486 ], [ 30.6974235, -20.326071 ], [ 30.6974396, -20.3252586 ], [ 30.6974289, -20.324914 ], [ 30.6974021, -20.3245443 ], [ 30.6973538, -20.3241997 ], [ 30.6972814, -20.3237997 ], [ 30.6972036, -20.3234652 ], [ 30.6970882, -20.3231081 ], [ 30.6969434, -20.3227157 ], [ 30.696805, -20.3223838 ], [ 30.6966376, -20.3220743 ], [ 30.6963855, -20.3216442 ], [ 30.6962407, -20.3214228 ], [ 30.6961039, -20.3212417 ], [ 30.6957605, -20.3208267 ], [ 30.6955702, -20.3206129 ], [ 30.6953636, -20.3204016 ], [ 30.6930166, -20.3183366 ], [ 30.6915361, -20.3170286 ], [ 30.6907906, -20.3163775 ], [ 30.6891167, -20.3149157 ], [ 30.6887412, -20.3145862 ], [ 30.6884891, -20.3143648 ], [ 30.6884076, -20.3142905 ], [ 30.6881967, -20.3140982 ], [ 30.6879124, -20.3138165 ], [ 30.6876737, -20.3135322 ], [ 30.6874296, -20.3132002 ], [ 30.6871963, -20.3128229 ], [ 30.6870139, -20.3124733 ], [ 30.6868422, -20.3120758 ], [ 30.6868034, -20.3119591 ], [ 30.686788, -20.3119128 ], [ 30.6867108, -20.3116809 ], [ 30.6866142, -20.3113036 ], [ 30.6865418, -20.3109112 ], [ 30.6865069, -20.3105641 ], [ 30.686504, -20.310373 ], [ 30.6865016, -20.3102144 ], [ 30.6865123, -20.3098472 ], [ 30.6866035, -20.3089013 ] ] } },
{ "type": "Feature", "properties": { "id": "way/551272946", "name": "Harare-Beitbridge Highway", "name_en": null, "name_sn": null, "name_nd": null, "highway": "trunk", "surface": "asphalt", "smoothness": null, "width": null, "lanes": "2", "oneway": "no", "bridge": "yes", "layer": "1", "source": null, "adm0_pcode": "ZWE", "adm0_name": "Zimbabwe", "adm1_pcode": "ZW18", "adm1_name": "Masvingo", "adm2_pcode": "ZW1805", "adm2_name": "Masvingo", "adm3_pcode": "ZW180510", "adm3_name": "10", "adm4_pcode": null, "adm4_name": null, "name_latin": "Harare-Beitbridge Highway" }, "geometry": { "type": "LineString", "coordinates": [ [ 30.6866035, -20.3089013 ], [ 30.6866364, -20.3086246 ] ] } },
{ "type": "Feature", "properties": { "id": "way/551272947", "name": "Harare-Beitbridge Highway", "name_en": null, "name_sn": null, "name_nd": null, "highway": "trunk", "surface": "asphalt", "smoothness": null, "width": null, "lanes": "2", "oneway": "no", "bridge": null, "layer": null, "source": null, "adm0_pcode": "ZWE", "adm0_name": "Zimbabwe", "adm1_pcode": "ZW18", "adm1_name": "Masvingo", "adm2_pcode": "ZW1805", "adm2_name": "Masvingo", "adm3_pcode": "ZW180507", "adm3_name": "7", "adm4_pcode": null, "adm4_name": null, "name_latin": "Harare-Beitbridge Highway" }, "geometry": { "type": "LineString", "coordinates": [ [ 30.6866364, -20.3086246 ], [ 30.68681, -20.3069694 ], [ 30.6870165, -20.304947 ], [ 30.6872472, -20.3025899 ], [ 30.6874135, -20.3008164 ], [ 30.6875664, -20.299214 ], [ 30.6876925, -20.298087 ], [ 30.6877407, -20.2976995 ], [ 30.6877971, -20.2973272 ], [ 30.6878856, -20.296892 ], [ 30.6879902, -20.2964241 ], [ 30.688127, -20.2959335 ], [ 30.6882638, -20.2954782 ], [ 30.6884381, -20.2949902 ], [ 30.6903157, -20.2899159 ], [ 30.6910157, -20.2880593 ], [ 30.6926334, -20.2837324 ], [ 30.6928772, -20.2831005 ], [ 30.6930917, -20.282469 ], [ 30.693199, -20.2821193 ], [ 30.693301, -20.2817394 ], [ 30.6933761, -20.2813822 ], [ 30.6934297, -20.2810073 ], [ 30.6934699, -20.2806349 ], [ 30.6934968, -20.2801469 ], [ 30.693486, -20.2796889 ], [ 30.6934512, -20.2792461 ], [ 30.6933922, -20.2788687 ], [ 30.693309, -20.2784259 ], [ 30.6932259, -20.278041 ], [ 30.6930971, -20.2776083 ], [ 30.6915334, -20.2731675 ], [ 30.6898903, -20.2683107 ], [ 30.6897604, -20.2679139 ], [ 30.6896558, -20.2675365 ], [ 30.6895539, -20.267081 ], [ 30.6895003, -20.2667615 ], [ 30.6894654, -20.2664143 ], [ 30.6894332, -20.265989 ], [ 30.6894363, -20.2655416 ], [ 30.6894493, -20.2651788 ], [ 30.6894842, -20.2647536 ], [ 30.6895405, -20.2643258 ], [ 30.6896313, -20.2638592 ], [ 30.6897578, -20.2634426 ], [ 30.6899241, -20.2629243 ], [ 30.6901038, -20.2624588 ], [ 30.6902862, -20.262099 ], [ 30.6904216, -20.2618864 ], [ 30.690667, -20.2614448 ], [ 30.6908789, -20.2611 ], [ 30.6911498, -20.2607377 ], [ 30.6914449, -20.2604005 ], [ 30.6918177, -20.2599979 ], [ 30.6924829, -20.2593185 ], [ 30.6932044, -20.2586014 ], [ 30.6950015, -20.2567871 ], [ 30.6960368, -20.2557529 ], [ 30.6963268, -20.2554607 ], [ 30.6966162, -20.2551691 ], [ 30.6970024, -20.2547565 ], [ 30.6973109, -20.2543715 ], [ 30.6975979, -20.2539613 ], [ 30.6978232, -20.253604 ], [ 30.6980431, -20.2531913 ], [ 30.6982443, -20.2527761 ], [ 30.6984052, -20.2523584 ], [ 30.6986171, -20.2517746 ], [ 30.6988773, -20.2510674 ], [ 30.7002452, -20.2472576 ], [ 30.7021764, -20.2418747 ], [ 30.7024435, -20.2411328 ], [ 30.7039574, -20.2369271 ], [ 30.7044455, -20.2355631 ], [ 30.7057705, -20.2318384 ], [ 30.7062802, -20.2304617 ], [ 30.7069775, -20.2284911 ], [ 30.7074389, -20.2272151 ], [ 30.7084769, -20.2242956 ], [ 30.7088454, -20.2232732 ], [ 30.7092869, -20.222048 ], [ 30.7097992, -20.2206486 ], [ 30.7102016, -20.2195009 ], [ 30.7105878, -20.2184413 ], [ 30.71073, -20.2179883 ], [ 30.7107501, -20.2179216 ], [ 30.7108372, -20.2175679 ], [ 30.7109445, -20.21714 ], [ 30.7110357, -20.2166392 ], [ 30.7110947, -20.2161761 ], [ 30.7111376, -20.2157205 ], [ 30.7111618, -20.2150887 ], [ 30.7111484, -20.2146709 ], [ 30.7111108, -20.2141373 ], [ 30.7110512, -20.2134402 ], [ 30.7107185, -20.2095495 ], [ 30.7105838, -20.2080485 ], [ 30.7105207, -20.2073186 ], [ 30.7104966, -20.2067547 ], [ 30.7104859, -20.206284 ], [ 30.7105073, -20.2058788 ], [ 30.7105529, -20.2055062 ], [ 30.7106146, -20.2051589 ], [ 30.7106978, -20.2047939 ], [ 30.7108024, -20.2044138 ], [ 30.710974, -20.2039557 ], [ 30.7111672, -20.2035227 ], [ 30.7114568, -20.2029186 ], [ 30.7117948, -20.2022742 ], [ 30.7123312, -20.2012195 ], [ 30.712983, -20.1999281 ], [ 30.7138279, -20.1982063 ], [ 30.7142651, -20.1973656 ], [ 30.7144421, -20.1969981 ], [ 30.7146835, -20.1965827 ], [ 30.7149276, -20.1962202 ], [ 30.7152146, -20.1958325 ], [ 30.7155284, -20.1954751 ], [ 30.7158422, -20.1951428 ], [ 30.7162124, -20.1947828 ], [ 30.716671, -20.1944128 ], [ 30.7173175, -20.1939093 ], [ 30.7192889, -20.1924039 ], [ 30.7198226, -20.1919886 ], [ 30.7202035, -20.1916815 ], [ 30.7205683, -20.1913592 ], [ 30.7208687, -20.1910269 ], [ 30.7211611, -20.190667 ], [ 30.7214212, -20.1902868 ], [ 30.7216439, -20.1898966 ], [ 30.7217619, -20.1896398 ], [ 30.7219389, -20.1891616 ], [ 30.7222018, -20.1882553 ], [ 30.7223171, -20.1878349 ], [ 30.7224593, -20.1874497 ], [ 30.7226229, -20.1870746 ], [ 30.7228482, -20.186692 ], [ 30.7231003, -20.1863244 ], [ 30.7233793, -20.1859921 ], [ 30.7237548, -20.1855918 ], [ 30.7241571, -20.1851815 ], [ 30.7251388, -20.1842148 ], [ 30.7265389, -20.1828906 ], [ 30.7275474, -20.1819087 ], [ 30.728395, -20.181093 ], [ 30.7291111, -20.1803806 ], [ 30.7303396, -20.1791621 ], [ 30.7313374, -20.1782331 ], [ 30.7321554, -20.1774375 ], [ 30.7324693, -20.1771505 ], [ 30.7327294, -20.176934 ], [ 30.7330915, -20.1766596 ], [ 30.7334295, -20.1764431 ], [ 30.7337996, -20.176214 ], [ 30.734143, -20.1760277 ], [ 30.7344836, -20.175854 ], [ 30.7348618, -20.1756928 ], [ 30.7352802, -20.1755267 ], [ 30.7357389, -20.1753731 ], [ 30.7360043, -20.175282 ], [ 30.737139, -20.1748922 ], [ 30.7409772, -20.1735856 ], [ 30.7434744, -20.1727447 ], [ 30.7447189, -20.1723242 ], [ 30.7457462, -20.1719944 ], [ 30.7465884, -20.1717351 ], [ 30.7469451, -20.1715991 ], [ 30.7472348, -20.1714858 ], [ 30.7475299, -20.171365 ], [ 30.7477981, -20.171234 ], [ 30.7481226, -20.1710679 ], [ 30.7484284, -20.1708841 ], [ 30.7488683, -20.1706071 ], [ 30.7494691, -20.1702295 ], [ 30.7498822, -20.1699702 ], [ 30.7502416, -20.1697687 ], [ 30.7506359, -20.1695698 ], [ 30.7509738, -20.1694389 ], [ 30.7513118, -20.1693181 ], [ 30.7519636, -20.1691343 ], [ 30.7523417, -20.1690185 ], [ 30.7527333, -20.1688875 ], [ 30.7530847, -20.1687415 ], [ 30.753361, -20.168603 ], [ 30.7536614, -20.1684268 ], [ 30.7539108, -20.168243 ], [ 30.7541656, -20.1680214 ], [ 30.75445, -20.1677571 ], [ 30.7549596, -20.167183 ], [ 30.7551339, -20.1669866 ], [ 30.7553136, -20.166823 ], [ 30.7555282, -20.1666493 ], [ 30.7557857, -20.1664806 ], [ 30.7559922, -20.1663446 ], [ 30.7565099, -20.1660702 ], [ 30.7570678, -20.1658083 ], [ 30.7573548, -20.1656447 ], [ 30.7576042, -20.1654785 ], [ 30.7578537, -20.1652745 ], [ 30.7581246, -20.1650177 ], [ 30.7585698, -20.1645318 ], [ 30.7589883, -20.1640836 ], [ 30.7592028, -20.1638419 ], [ 30.7593772, -20.1636934 ], [ 30.7595918, -20.1635272 ], [ 30.75986, -20.1633837 ], [ 30.7601631, -20.1632326 ], [ 30.7604447, -20.1631243 ], [ 30.7611582, -20.1628877 ], [ 30.7615873, -20.1627315 ], [ 30.7619387, -20.1625931 ], [ 30.7621908, -20.1624848 ], [ 30.7624322, -20.1623388 ], [ 30.7627675, -20.1621323 ], [ 30.7633442, -20.1617471 ], [ 30.7639101, -20.1613669 ], [ 30.7643554, -20.1610622 ], [ 30.7648274, -20.1607676 ], [ 30.765211, -20.1605032 ], [ 30.7655489, -20.1602792 ], [ 30.7658628, -20.1600878 ], [ 30.7661524, -20.1599292 ], [ 30.7664716, -20.1598083 ], [ 30.7668069, -20.1597026 ], [ 30.7671556, -20.159622 ], [ 30.767633, -20.1595263 ], [ 30.7683545, -20.1593903 ], [ 30.7686979, -20.1592997 ], [ 30.7689956, -20.1591914 ], [ 30.7692584, -20.1590958 ], [ 30.7695669, -20.1589447 ], [ 30.7698968, -20.1587483 ], [ 30.7701436, -20.158562 ], [ 30.7703903, -20.1583681 ], [ 30.7706666, -20.1581138 ], [ 30.7709965, -20.1577713 ], [ 30.7712755, -20.1574641 ], [ 30.7715195, -20.1572124 ], [ 30.771769, -20.1569706 ], [ 30.7719916, -20.1567944 ], [ 30.7722464, -20.1565955 ], [ 30.772571, -20.1563789 ], [ 30.7728794, -20.1561674 ], [ 30.7731584, -20.1559685 ], [ 30.7733649, -20.1557721 ], [ 30.7735902, -20.1555279 ], [ 30.773786, -20.1552861 ], [ 30.7739791, -20.1550066 ], [ 30.7741535, -20.1546919 ], [ 30.7743224, -20.1543142 ], [ 30.7745156, -20.153871 ], [ 30.7746604, -20.1534883 ], [ 30.7749018, -20.1528638 ], [ 30.7750627, -20.1524786 ], [ 30.7752317, -20.1521512 ], [ 30.7754463, -20.1517786 ], [ 30.7756931, -20.1514034 ], [ 30.775964, -20.1510484 ], [ 30.7762992, -20.1506732 ], [ 30.7767123, -20.1502703 ], [ 30.7789975, -20.1480796 ], [ 30.7808697, -20.1462867 ], [ 30.7819185, -20.1452719 ], [ 30.7825515, -20.1446701 ], [ 30.7828975, -20.1443553 ], [ 30.7833457, -20.1439931 ], [ 30.7838041, -20.1436779 ], [ 30.7841715, -20.1434236 ], [ 30.7845685, -20.1431894 ], [ 30.785062, -20.14292 ], [ 30.7856333, -20.142648 ], [ 30.78632, -20.1423559 ], [ 30.7902145, -20.1407367 ], [ 30.7908288, -20.1404673 ], [ 30.7912391, -20.1402658 ], [ 30.7917353, -20.1400014 ], [ 30.792253, -20.1396992 ], [ 30.7926258, -20.1394449 ], [ 30.7930309, -20.1391603 ], [ 30.7934117, -20.138843 ], [ 30.7937551, -20.1385559 ], [ 30.7946083, -20.1377076 ], [ 30.7949223, -20.1373466 ], [ 30.7952437, -20.136977 ], [ 30.798052, -20.1336831 ], [ 30.7987687, -20.1328263 ], [ 30.8001906, -20.1311616 ] ] } },
{ "type": "Feature", "properties": { "id": "way/1504449127", "name": "Harare-Beitbridge Highway", "name_en": null, "name_sn": null, "name_nd": null, "highway": "trunk", "surface": "asphalt", "smoothness": null, "width": null, "lanes": "2", "oneway": "no", "bridge": null, "layer": null, "source": null, "adm0_pcode": "ZWE", "adm0_name": "Zimbabwe", "adm1_pcode": "ZW18", "adm1_name": "Masvingo", "adm2_pcode": "ZW1821", "adm2_name": "Masvingo Urban", "adm3_pcode": "ZW182101", "adm3_name": "1", "adm4_pcode": null, "adm4_name": null, "name_latin": "Harare-Beitbridge Highway" }, "geometry": { "type": "LineString", "coordinates": [ [ 30.8303134, -20.0882737 ], [ 30.8302814, -20.0877576 ], [ 30.8302237, -20.0871706 ], [ 30.8300011, -20.0850634 ], [ 30.8299676, -20.0847448 ], [ 30.8299504, -20.084391 ] ] } },
{ "type": "Feature", "properties": { "id": "way/404765367", "name": "Harare-Beitbridge Highway", "name_en": null, "name_sn": null, "name_nd": null, "highway": "trunk", "surface": "asphalt", "smoothness": null, "width": null, "lanes": "2", "oneway": "yes", "bridge": null, "layer": null, "source": null, "adm0_pcode": "ZWE", "adm0_name": "Zimbabwe", "adm1_pcode": "ZW18", "adm1_name": "Masvingo", "adm2_pcode": "ZW1821", "adm2_name": "Masvingo Urban", "adm3_pcode": "ZW182110", "adm3_name": "10", "adm4_pcode": null, "adm4_name": null, "name_latin": "Harare-Beitbridge Highway" }, "geometry": { "type": "LineString", "coordinates": [ [ 30.8302554, -20.0895277 ], [ 30.8302503, -20.0893115 ], [ 30.8302438, -20.0889768 ], [ 30.8302613, -20.0886078 ], [ 30.8303134, -20.0882737 ] ] } },
{ "type": "Feature", "properties": { "id": "way/449722837", "name": "Harare-Beitbridge Highway", "name_en": null, "name_sn": null, "name_nd": null, "highway": "trunk", "surface": "asphalt", "smoothness": null, "width": null, "lanes": "2", "oneway": "yes", "bridge": null, "layer": null, "source": null, "adm0_pcode": "ZWE", "adm0_name": "Zimbabwe", "adm1_pcode": "ZW18", "adm1_name": "Masvingo", "adm2_pcode": "ZW1821", "adm2_name": "Masvingo Urban", "adm3_pcode": "ZW182110", "adm3_name": "10", "adm4_pcode": null, "adm4_name": null, "name_latin": "Harare-Beitbridge Highway" }, "geometry": { "type": "LineString", "coordinates": [ [ 30.8303134, -20.0882737 ], [ 30.8303793, -20.088614 ], [ 30.8304316, -20.0891682 ], [ 30.8304614, -20.0894915 ] ] } },
{ "type": "Feature", "properties": { "id": "way/404765365", "name": "Harare-Beitbridge Highway", "name_en": null, "name_sn": null, "name_nd": null, "highway": "trunk", "surface": "asphalt", "smoothness": null, "width": null, "lanes": "2", "oneway": "yes", "bridge": null, "layer": null, "source": null, "adm0_pcode": "ZWE", "adm0_name": "Zimbabwe", "adm1_pcode": "ZW18", "adm1_name": "Masvingo", "adm2_pcode": "ZW1821", "adm2_name": "Masvingo Urban", "adm3_pcode": "ZW182110", "adm3_name": "10", "adm4_pcode": null, "adm4_name": null, "name_latin": "Harare-Beitbridge Highway" }, "geometry": { "type": "LineString", "coordinates": [ [ 30.8306314, -20.0912414 ], [ 30.8305523, -20.0910222 ], [ 30.830496, -20.090822 ], [ 30.8304383, -20.0905814 ], [ 30.8303538, -20.0901154 ], [ 30.8303206, -20.0898877 ] ] } },
{ "type": "Feature", "properties": { "id": "way/449722840", "name": "Harare-Beitbridge Highway", "name_en": null, "name_sn": null, "name_nd": null, "highway": "trunk", "surface": "asphalt", "smoothness": null, "width": null, "lanes": "2", "oneway": "yes", "bridge": null, "layer": null, "source": null, "adm0_pcode": "ZWE", "adm0_name": "Zimbabwe", "adm1_pcode": "ZW18", "adm1_name": "Masvingo", "adm2_pcode": "ZW1821", "adm2_name": "Masvingo Urban", "adm3_pcode": "ZW182110", "adm3_name": "10", "adm4_pcode": null, "adm4_name": null, "name_latin": "Harare-Beitbridge Highway" }, "geometry": { "type": "LineString", "coordinates": [ [ 30.8305107, -20.0898688 ], [ 30.8305348, -20.0901255 ], [ 30.8305804, -20.0905209 ], [ 30.8306113, -20.0908018 ], [ 30.8306301, -20.0910046 ], [ 30.8306314, -20.0912414 ] ] } },
{ "type": "Feature", "properties": { "id": "way/449168237", "name": "Harare-Beitbridge Highway", "name_en": null, "name_sn": null, "name_nd": null, "highway": "trunk", "surface": "asphalt", "smoothness": null, "width": null, "lanes": "2", "oneway": "no", "bridge": null, "layer": null, "source": null, "adm0_pcode": "ZWE", "adm0_name": "Zimbabwe", "adm1_pcode": "ZW18", "adm1_name": "Masvingo", "adm2_pcode": "ZW1821", "adm2_name": "Masvingo Urban", "adm3_pcode": "ZW182101", "adm3_name": "1", "adm4_pcode": null, "adm4_name": null, "name_latin": "Harare-Beitbridge Highway" }, "geometry": { "type": "LineString", "coordinates": [ [ 30.8299308, -20.0842385 ], [ 30.8299381, -20.0838101 ], [ 30.8299555, -20.083557 ], [ 30.8299837, -20.0832925 ], [ 30.8300266, -20.0829864 ], [ 30.8300775, -20.0827143 ], [ 30.8301298, -20.0824687 ], [ 30.8301929, -20.0822143 ], [ 30.8302975, -20.0818918 ], [ 30.8304115, -20.0815618 ], [ 30.8305308, -20.0812457 ], [ 30.8307391, -20.0807508 ], [ 30.8307676, -20.0806701 ] ] } },
{ "type": "Feature", "properties": { "id": "way/1504449128", "name": "Harare-Beitbridge Highway", "name_en": null, "name_sn": null, "name_nd": null, "highway": "trunk", "surface": "asphalt", "smoothness": null, "width": null, "lanes": "2", "oneway": "no", "bridge": "yes", "layer": "1", "source": null, "adm0_pcode": "ZWE", "adm0_name": "Zimbabwe", "adm1_pcode": "ZW18", "adm1_name": "Masvingo", "adm2_pcode": "ZW1821", "adm2_name": "Masvingo Urban", "adm3_pcode": "ZW182101", "adm3_name": "1", "adm4_pcode": null, "adm4_name": null, "name_latin": "Harare-Beitbridge Highway" }, "geometry": { "type": "LineString", "coordinates": [ [ 30.8299504, -20.084391 ], [ 30.8299308, -20.0842385 ] ] } },
{ "type": "Feature", "properties": { "id": "way/304975492", "name": "Harare-Beitbridge Highway", "name_en": null, "name_sn": null, "name_nd": null, "highway": "trunk", "surface": "asphalt", "smoothness": null, "width": null, "lanes": "2", "oneway": "no", "bridge": null, "layer": null, "source": null, "adm0_pcode": "ZWE", "adm0_name": "Zimbabwe", "adm1_pcode": "ZW18", "adm1_name": "Masvingo", "adm2_pcode": "ZW1805", "adm2_name": "Masvingo", "adm3_pcode": "ZW180507", "adm3_name": "7", "adm4_pcode": null, "adm4_name": null, "name_latin": "Harare-Beitbridge Highway" }, "geometry": { "type": "LineString", "coordinates": [ [ 30.8001906, -20.1311616 ], [ 30.801083, -20.1301041 ], [ 30.801512, -20.1295958 ], [ 30.8017186, -20.1293572 ], [ 30.8020859, -20.1288911 ], [ 30.8023086, -20.1286225 ], [ 30.8025057, -20.1283933 ], [ 30.8027968, -20.1281037 ], [ 30.8030932, -20.1277939 ], [ 30.8034043, -20.1274804 ], [ 30.8037208, -20.1271857 ], [ 30.8041245, -20.1268281 ], [ 30.8045791, -20.1264579 ], [ 30.8051786, -20.1259844 ], [ 30.8057699, -20.1255048 ], [ 30.8064251, -20.1249733 ], [ 30.8068737, -20.1246094 ], [ 30.8075711, -20.1240377 ], [ 30.808703, -20.123126 ], [ 30.8087757, -20.1230697 ], [ 30.8089816, -20.1229104 ], [ 30.8091456, -20.1227835 ], [ 30.8096243, -20.1223856 ], [ 30.8100575, -20.1220279 ], [ 30.8115488, -20.1208291 ], [ 30.8134854, -20.1192425 ], [ 30.8148, -20.1181833 ], [ 30.8151671, -20.1178875 ], [ 30.8165109, -20.1168095 ], [ 30.8179566, -20.1156362 ], [ 30.8193782, -20.1144824 ], [ 30.8210412, -20.1131525 ] ] } },
{ "type": "Feature", "properties": { "id": "way/449168240", "name": "Harare-Beitbridge Highway", "name_en": null, "name_sn": null, "name_nd": null, "highway": "trunk", "surface": "asphalt", "smoothness": null, "width": null, "lanes": "3", "oneway": "no", "bridge": null, "layer": null, "source": null, "adm0_pcode": "ZWE", "adm0_name": "Zimbabwe", "adm1_pcode": "ZW18", "adm1_name": "Masvingo", "adm2_pcode": "ZW1821", "adm2_name": "Masvingo Urban", "adm3_pcode": "ZW182110", "adm3_name": "10", "adm4_pcode": null, "adm4_name": null, "name_latin": "Harare-Beitbridge Highway" }, "geometry": { "type": "LineString", "coordinates": [ [ 30.8306314, -20.0912414 ], [ 30.8306596, -20.0914026 ], [ 30.8307534, -20.0921885 ], [ 30.830941, -20.0939356 ], [ 30.8309585, -20.0941612 ], [ 30.8310151, -20.0947206 ], [ 30.8311933, -20.0964682 ], [ 30.8313408, -20.0976697 ], [ 30.8315822, -20.1000324 ], [ 30.8316064, -20.100579 ], [ 30.8316091, -20.1010626 ], [ 30.831593, -20.1014555 ], [ 30.831534, -20.1019014 ], [ 30.8314455, -20.1023925 ], [ 30.8313596, -20.102783 ], [ 30.8312362, -20.1032011 ], [ 30.8310942, -20.1036056 ], [ 30.8309583, -20.1039362 ], [ 30.8306918, -20.1044831 ], [ 30.8303833, -20.105007 ], [ 30.8300211, -20.105537 ], [ 30.8296591, -20.1059818 ], [ 30.8292782, -20.1064024 ], [ 30.8288839, -20.1067727 ], [ 30.8283663, -20.107221 ], [ 30.8265699, -20.108666 ], [ 30.8254196, -20.1096033 ], [ 30.824673, -20.1102097 ], [ 30.8235415, -20.1111263 ], [ 30.8228528, -20.1116862 ], [ 30.8222349, -20.112156 ], [ 30.8220002, -20.1123444 ], [ 30.8215991, -20.1126664 ], [ 30.8210412, -20.1131525 ] ] } },
{ "type": "Feature", "properties": { "id": "way/531018506", "name": "Harare-Beitbridge Highway", "name_en": null, "name_sn": null, "name_nd": null, "highway": "trunk", "surface": "asphalt", "smoothness": null, "width": null, "lanes": "2", "oneway": "no", "bridge": null, "layer": null, "source": null, "adm0_pcode": "ZWE", "adm0_name": "Zimbabwe", "adm1_pcode": "ZW18", "adm1_name": "Masvingo", "adm2_pcode": "ZW1803", "adm2_name": "Chivi", "adm3_pcode": "ZW180316", "adm3_name": "16", "adm4_pcode": null, "adm4_name": null, "name_latin": "Harare-Beitbridge Highway" }, "geometry": { "type": "LineString", "coordinates": [ [ 30.6809091, -20.4017049 ], [ 30.680897, -20.4017524 ], [ 30.6807563, -20.4023039 ] ] } },
{ "type": "Feature", "properties": { "id": "way/531018509", "name": "Harare-Beitbridge Highway", "name_en": null, "name_sn": null, "name_nd": null, "highway": "trunk", "surface": "asphalt", "smoothness": null, "width": null, "lanes": "2", "oneway": "no", "bridge": null, "layer": null, "source": null, "adm0_pcode": "ZWE", "adm0_name": "Zimbabwe", "adm1_pcode": "ZW18", "adm1_name": "Masvingo", "adm2_pcode": "ZW1803", "adm2_name": "Chivi", "adm3_pcode": "ZW180316", "adm3_name": "16", "adm4_pcode": null, "adm4_name": null, "name_latin": "Harare-Beitbridge Highway" }, "geometry": { "type": "LineString", "coordinates": [ [ 30.6860805, -20.3952308 ], [ 30.684278, -20.3963445 ], [ 30.6837898, -20.3966638 ], [ 30.6833097, -20.3970032 ], [ 30.6829101, -20.3973577 ], [ 30.6825802, -20.3976845 ], [ 30.6822583, -20.3980918 ], [ 30.6820151, -20.3984527 ], [ 30.6818157, -20.3988083 ], [ 30.6816253, -20.3991979 ], [ 30.6814697, -20.3996454 ], [ 30.6813249, -20.4001532 ], [ 30.6811801, -20.4006711 ], [ 30.6809091, -20.4017049 ] ] } },
{ "type": "Feature", "properties": { "id": "way/23380045", "name": "Harare-Beitbridge Highway", "name_en": null, "name_sn": null, "name_nd": null, "highway": "trunk", "surface": "asphalt", "smoothness": null, "width": null, "lanes": "2", "oneway": "no", "bridge": "yes", "layer": "1", "source": null, "adm0_pcode": "ZWE", "adm0_name": "Zimbabwe", "adm1_pcode": "ZW18", "adm1_name": "Masvingo", "adm2_pcode": "ZW1803", "adm2_name": "Chivi", "adm3_pcode": "ZW180316", "adm3_name": "16", "adm4_pcode": null, "adm4_name": null, "name_latin": "Harare-Beitbridge Highway" }, "geometry": { "type": "LineString", "coordinates": [ [ 30.6860805, -20.3952308 ], [ 30.6867966, -20.3947883 ], [ 30.6874836, -20.3943182 ] ] } },
{ "type": "Feature", "properties": { "id": "way/25786672", "name": "Harare-Beitbridge Highway", "name_en": null, "name_sn": null, "name_nd": null, "highway": "trunk", "surface": "asphalt", "smoothness": null, "width": null, "lanes": "2", "oneway": "no", "bridge": null, "layer": null, "source": null, "adm0_pcode": "ZWE", "adm0_name": "Zimbabwe", "adm1_pcode": "ZW18", "adm1_name": "Masvingo", "adm2_pcode": "ZW1803", "adm2_name": "Chivi", "adm3_pcode": "ZW180316", "adm3_name": "16", "adm4_pcode": null, "adm4_name": null, "name_latin": "Harare-Beitbridge Highway" }, "geometry": { "type": "LineString", "coordinates": [ [ 30.6807563, -20.4023039 ], [ 30.6806758, -20.4025842 ], [ 30.6806087, -20.4028557 ], [ 30.6805363, -20.4032203 ], [ 30.6804827, -20.4036954 ], [ 30.680459, -20.4041289 ], [ 30.6804639, -20.4044999 ], [ 30.6804961, -20.4049674 ], [ 30.6805712, -20.4054727 ], [ 30.6806651, -20.4058976 ], [ 30.6807938, -20.4063425 ], [ 30.6809682, -20.406785 ], [ 30.6816253, -20.4083411 ], [ 30.6821886, -20.409696 ], [ 30.6824863, -20.4103773 ], [ 30.6828296, -20.4111163 ], [ 30.6833332, -20.4121308 ], [ 30.68335, -20.4121646 ], [ 30.6846428, -20.4145954 ], [ 30.6851751, -20.4156291 ], [ 30.6853133, -20.4158824 ], [ 30.6858981, -20.417001 ], [ 30.6872274, -20.4195334 ], [ 30.6877557, -20.420537 ], [ 30.6880572, -20.4211008 ], [ 30.6892994, -20.4234545 ], [ 30.6894734, -20.423808 ], [ 30.6896532, -20.424273 ], [ 30.689798, -20.4247707 ], [ 30.6898838, -20.425188 ], [ 30.6899321, -20.4256027 ], [ 30.6899348, -20.4260853 ], [ 30.6898892, -20.4266282 ], [ 30.6898141, -20.4270731 ], [ 30.6896961, -20.4275432 ], [ 30.6895405, -20.427973 ], [ 30.6893474, -20.4283852 ], [ 30.6890899, -20.4288251 ], [ 30.6887761, -20.4292473 ], [ 30.6883952, -20.4296922 ], [ 30.6877004, -20.4304521 ] ] } },
{ "type": "Feature", "properties": { "id": "way/277086889", "name": "Harare-Beitbridge Highway", "name_en": null, "name_sn": null, "name_nd": null, "highway": "trunk", "surface": "asphalt", "smoothness": null, "width": null, "lanes": "2", "oneway": "no", "bridge": "yes", "layer": "1", "source": null, "adm0_pcode": "ZWE", "adm0_name": "Zimbabwe", "adm1_pcode": "ZW18", "adm1_name": "Masvingo", "adm2_pcode": "ZW1803", "adm2_name": "Chivi", "adm3_pcode": "ZW180316", "adm3_name": "16", "adm4_pcode": null, "adm4_name": null, "name_latin": "Harare-Beitbridge Highway" }, "geometry": { "type": "LineString", "coordinates": [ [ 30.6877004, -20.4304521 ], [ 30.6873854, -20.4307831 ] ] } },
{ "type": "Feature", "properties": { "id": "way/277086890", "name": "Harare-Beitbridge Highway", "name_en": null, "name_sn": null, "name_nd": null, "highway": "trunk", "surface": "asphalt", "smoothness": null, "width": null, "lanes": "2", "oneway": "no", "bridge": null, "layer": null, "source": null, "adm0_pcode": "ZWE", "adm0_name": "Zimbabwe", "adm1_pcode": "ZW18", "adm1_name": "Masvingo", "adm2_pcode": "ZW1803", "adm2_name": "Chivi", "adm3_pcode": "ZW180318", "adm3_name": "18", "adm4_pcode": null, "adm4_name": null, "name_latin": "Harare-Beitbridge Highway" }, "geometry": { "type": "LineString", "coordinates": [ [ 30.6873854, -20.4307831 ], [ 30.6869203, -20.4312768 ], [ 30.6864667, -20.4317583 ], [ 30.6860724, -20.4321454 ], [ 30.6857612, -20.4324248 ], [ 30.6856245, -20.4325475 ], [ 30.6851792, -20.4329019 ], [ 30.6847367, -20.4332211 ], [ 30.6820357, -20.4350962 ], [ 30.6807482, -20.4359784 ], [ 30.6796102, -20.4367878 ], [ 30.6792381, -20.437039 ], [ 30.6788653, -20.4373306 ], [ 30.6786346, -20.4375291 ], [ 30.6783423, -20.4378257 ], [ 30.6779695, -20.4382077 ], [ 30.6768268, -20.4394217 ], [ 30.6759122, -20.4403642 ], [ 30.675298, -20.4410252 ], [ 30.6746167, -20.4417163 ], [ 30.6742465, -20.4421034 ], [ 30.6739569, -20.4424578 ], [ 30.6736779, -20.4428599 ], [ 30.6733963, -20.4433701 ], [ 30.6731844, -20.4438652 ], [ 30.6730396, -20.4442648 ], [ 30.6729484, -20.4446468 ], [ 30.6728733, -20.4451997 ], [ 30.6727686, -20.4461699 ], [ 30.6726399, -20.4473837 ], [ 30.6725836, -20.4479065 ], [ 30.6725433, -20.4484091 ], [ 30.6725273, -20.4488565 ], [ 30.6725326, -20.4493214 ], [ 30.6726775, -20.4508923 ] ] } },
{ "type": "Feature", "properties": { "id": "way/551272949", "name": "Harare-Beitbridge Highway", "name_en": null, "name_sn": null, "name_nd": null, "highway": "trunk", "surface": "asphalt", "smoothness": null, "width": null, "lanes": "2", "oneway": "no", "bridge": "yes", "layer": "1", "source": null, "adm0_pcode": "ZWE", "adm0_name": "Zimbabwe", "adm1_pcode": "ZW18", "adm1_name": "Masvingo", "adm2_pcode": "ZW1803", "adm2_name": "Chivi", "adm3_pcode": "ZW180318", "adm3_name": "18", "adm4_pcode": null, "adm4_name": null, "name_latin": "Harare-Beitbridge Highway" }, "geometry": { "type": "LineString", "coordinates": [ [ 30.6726775, -20.4508923 ], [ 30.6726831, -20.4509486 ] ] } },
{ "type": "Feature", "properties": { "id": "way/551272952", "name": "Harare-Beitbridge Highway", "name_en": null, "name_sn": null, "name_nd": null, "highway": "trunk", "surface": "asphalt", "smoothness": null, "width": null, "lanes": "2", "oneway": "no", "bridge": "yes", "layer": "1", "source": null, "adm0_pcode": "ZWE", "adm0_name": "Zimbabwe", "adm1_pcode": "ZW18", "adm1_name": "Masvingo", "adm2_pcode": "ZW1803", "adm2_name": "Chivi", "adm3_pcode": "ZW180320", "adm3_name": "20", "adm4_pcode": null, "adm4_name": null, "name_latin": "Harare-Beitbridge Highway" }, "geometry": { "type": "LineString", "coordinates": [ [ 30.6729389, -20.4535397 ], [ 30.672947, -20.4536654 ] ] } },
{ "type": "Feature", "properties": { "id": "way/551272950", "name": "Harare-Beitbridge Highway", "name_en": null, "name_sn": null, "name_nd": null, "highway": "trunk", "surface": "asphalt", "smoothness": null, "width": null, "lanes": "2", "oneway": "no", "bridge": null, "layer": null, "source": null, "adm0_pcode": "ZWE", "adm0_name": "Zimbabwe", "adm1_pcode": "ZW18", "adm1_name": "Masvingo", "adm2_pcode": "ZW1803", "adm2_name": "Chivi", "adm3_pcode": "ZW180320", "adm3_name": "20", "adm4_pcode": null, "adm4_name": null, "name_latin": "Harare-Beitbridge Highway" }, "geometry": { "type": "LineString", "coordinates": [ [ 30.6726831, -20.4509486 ], [ 30.6728008, -20.4521211 ], [ 30.6729389, -20.4535397 ] ] } },
{ "type": "Feature", "properties": { "id": "way/551272951", "name": "Harare-Beitbridge Highway", "name_en": null, "name_sn": null, "name_nd": null, "highway": "trunk", "surface": "asphalt", "smoothness": null, "width": null, "lanes": "2", "oneway": "no", "bridge": null, "layer": null, "source": null, "adm0_pcode": "ZWE", "adm0_name": "Zimbabwe", "adm1_pcode": "ZW18", "adm1_name": "Masvingo", "adm2_pcode": "ZW1803", "adm2_name": "Chivi", "adm3_pcode": "ZW180320", "adm3_name": "20", "adm4_pcode": null, "adm4_name": null, "name_latin": "Harare-Beitbridge Highway" }, "geometry": { "type": "LineString", "coordinates": [ [ 30.672947, -20.4536654 ], [ 30.673002, -20.4543251 ], [ 30.6730852, -20.4551041 ], [ 30.6731603, -20.4556042 ], [ 30.6732675, -20.4560817 ], [ 30.6734177, -20.456607 ], [ 30.6735935, -20.4571499 ], [ 30.6736052, -20.4571859 ], [ 30.6741983, -20.4591677 ], [ 30.6747669, -20.4610651 ], [ 30.6753275, -20.4629322 ], [ 30.6760544, -20.4653798 ], [ 30.6766292, -20.467287 ], [ 30.6766444, -20.4673374 ], [ 30.6772265, -20.4692496 ], [ 30.6777039, -20.4708327 ], [ 30.6779104, -20.4715338 ], [ 30.6786722, -20.4740667 ], [ 30.678809, -20.4745391 ], [ 30.6789109, -20.4750618 ], [ 30.6789672, -20.4755266 ], [ 30.6790102, -20.4760518 ], [ 30.6790155, -20.4765091 ], [ 30.6789753, -20.4771147 ], [ 30.6789055, -20.4777328 ], [ 30.6788224, -20.478175 ], [ 30.678699, -20.4785871 ], [ 30.6785408, -20.4790721 ], [ 30.6783557, -20.479547 ], [ 30.6781545, -20.4799942 ], [ 30.677838, -20.4806701 ], [ 30.6775859, -20.4812003 ], [ 30.677256, -20.481929 ], [ 30.6767169, -20.4831275 ], [ 30.6750646, -20.4867507 ], [ 30.6743574, -20.488322 ] ] } },
{ "type": "Feature", "properties": { "id": "way/1504449124", "name": "Harare-Beitbridge Highway", "name_en": null, "name_sn": null, "name_nd": null, "highway": "trunk", "surface": "asphalt", "smoothness": null, "width": null, "lanes": "1", "oneway": "yes", "bridge": null, "layer": null, "source": null, "adm0_pcode": "ZWE", "adm0_name": "Zimbabwe", "adm1_pcode": "ZW18", "adm1_name": "Masvingo", "adm2_pcode": "ZW1803", "adm2_name": "Chivi", "adm3_pcode": "ZW180320", "adm3_name": "20", "adm4_pcode": null, "adm4_name": null, "name_latin": "Harare-Beitbridge Highway" }, "geometry": { "type": "LineString", "coordinates": [ [ 30.6735371, -20.4899892 ], [ 30.6739449, -20.4890421 ], [ 30.6743574, -20.488322 ] ] } },
{ "type": "Feature", "properties": { "id": "way/277086888", "name": "Harare-Beitbridge Highway", "name_en": null, "name_sn": null, "name_nd": null, "highway": "trunk", "surface": "asphalt", "smoothness": null, "width": null, "lanes": "2", "oneway": "no", "bridge": "yes", "layer": "1", "source": null, "adm0_pcode": "ZWE", "adm0_name": "Zimbabwe", "adm1_pcode": "ZW18", "adm1_name": "Masvingo", "adm2_pcode": "ZW1803", "adm2_name": "Chivi", "adm3_pcode": "ZW180320", "adm3_name": "20", "adm4_pcode": null, "adm4_name": null, "name_latin": "Harare-Beitbridge Highway" }, "geometry": { "type": "LineString", "coordinates": [ [ 30.6722278, -20.4929074 ], [ 30.6722054, -20.4929585 ] ] } },
{ "type": "Feature", "properties": { "id": "way/1514506481", "name": "Harare-Beitbridge Highway", "name_en": null, "name_sn": null, "name_nd": null, "highway": "trunk", "surface": "asphalt", "smoothness": null, "width": null, "lanes": "1", "oneway": "yes", "bridge": null, "layer": null, "source": null, "adm0_pcode": "ZWE", "adm0_name": "Zimbabwe", "adm1_pcode": "ZW18", "adm1_name": "Masvingo", "adm2_pcode": "ZW1803", "adm2_name": "Chivi", "adm3_pcode": "ZW180320", "adm3_name": "20", "adm4_pcode": null, "adm4_name": null, "name_latin": "Harare-Beitbridge Highway" }, "geometry": { "type": "LineString", "coordinates": [ [ 30.6731208, -20.4910255 ], [ 30.6734529, -20.4901847 ], [ 30.6735371, -20.4899892 ] ] } },
{ "type": "Feature", "properties": { "id": "way/1504449125", "name": "Harare-Beitbridge Highway", "name_en": null, "name_sn": null, "name_nd": null, "highway": "trunk", "surface": "asphalt", "smoothness": null, "width": null, "lanes": "1", "oneway": "yes", "bridge": null, "layer": null, "source": null, "adm0_pcode": "ZWE", "adm0_name": "Zimbabwe", "adm1_pcode": "ZW18", "adm1_name": "Masvingo", "adm2_pcode": "ZW1803", "adm2_name": "Chivi", "adm3_pcode": "ZW180320", "adm3_name": "20", "adm4_pcode": null, "adm4_name": null, "name_latin": "Harare-Beitbridge Highway" }, "geometry": { "type": "LineString", "coordinates": [ [ 30.6743574, -20.488322 ], [ 30.6740576, -20.4890901 ], [ 30.6736506, -20.4900503 ], [ 30.6735733, -20.4902327 ], [ 30.6731208, -20.4910255 ] ] } },
{ "type": "Feature", "properties": { "id": "way/1504449123", "name": "Harare-Beitbridge Highway", "name_en": null, "name_sn": null, "name_nd": null, "highway": "trunk", "surface": "asphalt", "smoothness": null, "width": null, "lanes": "2", "oneway": "no", "bridge": null, "layer": null, "source": null, "adm0_pcode": "ZWE", "adm0_name": "Zimbabwe", "adm1_pcode": "ZW18", "adm1_name": "Masvingo", "adm2_pcode": "ZW1803", "adm2_name": "Chivi", "adm3_pcode": "ZW180320", "adm3_name": "20", "adm4_pcode": null, "adm4_name": null, "name_latin": "Harare-Beitbridge Highway" }, "geometry": { "type": "LineString", "coordinates": [ [ 30.6731208, -20.4910255 ], [ 30.6728438, -20.4916124 ], [ 30.6725192, -20.4923285 ], [ 30.6722278, -20.4929074 ] ] } },
{ "type": "Feature", "properties": { "id": "way/668799865", "name": "Harare-Beitbridge Highway", "name_en": null, "name_sn": null, "name_nd": null, "highway": "trunk", "surface": "asphalt", "smoothness": null, "width": null, "lanes": "2", "oneway": "no", "bridge": null, "layer": null, "source": null, "adm0_pcode": "ZWE", "adm0_name": "Zimbabwe", "adm1_pcode": "ZW18", "adm1_name": "Masvingo", "adm2_pcode": "ZW1803", "adm2_name": "Chivi", "adm3_pcode": "ZW180320", "adm3_name": "20", "adm4_pcode": null, "adm4_name": null, "name_latin": "Harare-Beitbridge Highway" }, "geometry": { "type": "LineString", "coordinates": [ [ 30.6722054, -20.4929585 ], [ 30.6719801, -20.493444 ], [ 30.6715965, -20.4942907 ], [ 30.6709179, -20.4958032 ], [ 30.6706363, -20.4964238 ], [ 30.6704432, -20.4969187 ], [ 30.6702796, -20.4974488 ], [ 30.6701615, -20.4979532 ], [ 30.6700838, -20.4983809 ], [ 30.670014, -20.4989537 ], [ 30.6699952, -20.4994185 ], [ 30.6700033, -20.500024 ], [ 30.6700435, -20.5005616 ], [ 30.6701347, -20.5011068 ], [ 30.670234, -20.5015289 ], [ 30.6703761, -20.5020113 ], [ 30.670529, -20.5024358 ], [ 30.6707221, -20.5028906 ], [ 30.6709582, -20.5033579 ], [ 30.6711996, -20.5038628 ], [ 30.6716099, -20.5046517 ], [ 30.6722, -20.5058375 ], [ 30.6725031, -20.5064605 ], [ 30.6728196, -20.5070861 ], [ 30.6732032, -20.5078473 ], [ 30.6740588, -20.5095782 ], [ 30.6749064, -20.5112689 ], [ 30.6760222, -20.5135072 ], [ 30.6772372, -20.5159238 ], [ 30.6781197, -20.5176823 ], [ 30.67864, -20.5186997 ], [ 30.6792998, -20.520026 ], [ 30.6800321, -20.5215031 ], [ 30.6804129, -20.5222567 ], [ 30.6807965, -20.5230153 ], [ 30.6810781, -20.5236383 ], [ 30.6812981, -20.5242236 ], [ 30.6814697, -20.5247862 ], [ 30.6815931, -20.5252384 ], [ 30.6817031, -20.5258036 ], [ 30.6817755, -20.5262482 ], [ 30.6818238, -20.5266677 ], [ 30.681856, -20.52716 ], [ 30.681864, -20.5276423 ], [ 30.6818452, -20.5281522 ], [ 30.6818104, -20.5286973 ], [ 30.6817675, -20.5293378 ], [ 30.681746, -20.5296681 ] ] } },
{ "type": "Feature", "properties": { "id": "way/668799862", "name": "Harare-Beitbridge Highway", "name_en": null, "name_sn": null, "name_nd": null, "highway": "trunk", "surface": "asphalt", "smoothness": null, "width": null, "lanes": "2", "oneway": "no", "bridge": "yes", "layer": "1", "source": null, "adm0_pcode": "ZWE", "adm0_name": "Zimbabwe", "adm1_pcode": "ZW18", "adm1_name": "Masvingo", "adm2_pcode": "ZW1803", "adm2_name": "Chivi", "adm3_pcode": "ZW180320", "adm3_name": "20", "adm4_pcode": null, "adm4_name": null, "name_latin": "Harare-Beitbridge Highway" }, "geometry": { "type": "LineString", "coordinates": [ [ 30.681746, -20.5296681 ], [ 30.6817366, -20.5298339 ] ] } },
{ "type": "Feature", "properties": { "id": "way/1504449119", "name": "Harare-Beitbridge Highway", "name_en": null, "name_sn": null, "name_nd": null, "highway": "trunk", "surface": "asphalt", "smoothness": null, "width": null, "lanes": "2", "oneway": "no", "bridge": null, "layer": null, "source": null, "adm0_pcode": "ZWE", "adm0_name": "Zimbabwe", "adm1_pcode": "ZW18", "adm1_name": "Masvingo", "adm2_pcode": "ZW1803", "adm2_name": "Chivi", "adm3_pcode": "ZW180320", "adm3_name": "20", "adm4_pcode": null, "adm4_name": null, "name_latin": "Harare-Beitbridge Highway" }, "geometry": { "type": "LineString", "coordinates": [ [ 30.6817366, -20.5298339 ], [ 30.6816816, -20.5304506 ], [ 30.6815448, -20.5323872 ], [ 30.6814188, -20.5340927 ], [ 30.6812962, -20.5360991 ], [ 30.681105, -20.5385159 ], [ 30.6809038, -20.5414998 ], [ 30.6807563, -20.5435393 ], [ 30.680598, -20.5458273 ], [ 30.6803942, -20.5486152 ], [ 30.6802869, -20.5500568 ], [ 30.6802091, -20.5512598 ], [ 30.6801286, -20.5525332 ], [ 30.6800026, -20.5540576 ], [ 30.679906, -20.5553837 ], [ 30.6797585, -20.5575284 ], [ 30.6796727, -20.5586485 ], [ 30.6796271, -20.5591608 ], [ 30.6796136, -20.5596907 ], [ 30.6796271, -20.5601754 ], [ 30.6796673, -20.5606601 ], [ 30.6797075, -20.5609565 ], [ 30.6797612, -20.5612704 ], [ 30.6798336, -20.5616069 ], [ 30.6799301, -20.5619585 ], [ 30.6800294, -20.5622799 ], [ 30.6801689, -20.5626491 ], [ 30.6803244, -20.5630283 ], [ 30.680543, -20.5635155 ], [ 30.6808126, -20.5640994 ], [ 30.681569, -20.5657581 ], [ 30.6832024, -20.5693567 ], [ 30.6835002, -20.5700247 ], [ 30.683881, -20.5708534 ], [ 30.684801, -20.5728749 ], [ 30.6850719, -20.5733821 ], [ 30.6853268, -20.5738442 ], [ 30.6856728, -20.5743765 ], [ 30.6860188, -20.5748737 ], [ 30.686413, -20.5754086 ], [ 30.6868127, -20.5758732 ], [ 30.6873277, -20.5764482 ], [ 30.6880465, -20.5772442 ], [ 30.6887197, -20.5779774 ], [ 30.6909755, -20.5804634 ], [ 30.6917662, -20.5813176 ], [ 30.6918123, -20.5813674 ], [ 30.6921396, -20.581734 ], [ 30.6924722, -20.5821106 ], [ 30.6926545, -20.5823642 ], [ 30.6928597, -20.5826731 ], [ 30.6930073, -20.5829342 ], [ 30.6931695, -20.5832481 ], [ 30.6932795, -20.583518 ], [ 30.6933948, -20.583852 ], [ 30.6934807, -20.5841746 ], [ 30.6935987, -20.584604 ], [ 30.6937489, -20.5852518 ], [ 30.6943819, -20.5878431 ], [ 30.6959242, -20.5941554 ], [ 30.6962809, -20.5956242 ], [ 30.6970802, -20.5988907 ], [ 30.6971982, -20.5993828 ], [ 30.6973833, -20.600023 ], [ 30.697571, -20.6005428 ], [ 30.6977722, -20.6009846 ], [ 30.6980002, -20.6014089 ], [ 30.698247, -20.6018257 ], [ 30.6984991, -20.6021923 ], [ 30.6987646, -20.6025237 ], [ 30.6995961, -20.6034627 ], [ 30.7007709, -20.6047607 ], [ 30.7016346, -20.6057172 ], [ 30.7022434, -20.6063976 ], [ 30.7035631, -20.6078738 ], [ 30.7040137, -20.6083609 ], [ 30.7043785, -20.6088178 ], [ 30.7046467, -20.6091818 ], [ 30.7049257, -20.6096111 ], [ 30.705106, -20.6099356 ], [ 30.7053442, -20.6103864 ] ] } },
{ "type": "Feature", "properties": { "id": "way/1504449120", "name": "Harare-Beitbridge Highway", "name_en": null, "name_sn": null, "name_nd": null, "highway": "trunk", "surface": "asphalt", "smoothness": null, "width": null, "lanes": "1", "oneway": "yes", "bridge": null, "layer": null, "source": null, "adm0_pcode": "ZWE", "adm0_name": "Zimbabwe", "adm1_pcode": "ZW18", "adm1_name": "Masvingo", "adm2_pcode": "ZW1803", "adm2_name": "Chivi", "adm3_pcode": "ZW180322", "adm3_name": "22", "adm4_pcode": null, "adm4_name": null, "name_latin": "Harare-Beitbridge Highway" }, "geometry": { "type": "LineString", "coordinates": [ [ 30.7070567, -20.6146481 ], [ 30.7068049, -20.6142075 ], [ 30.7065761, -20.6136281 ], [ 30.7058058, -20.6116774 ], [ 30.7056795, -20.6113575 ], [ 30.7053442, -20.6103864 ] ] } },
{ "type": "Feature", "properties": { "id": "way/1504449121", "name": "Harare-Beitbridge Highway", "name_en": null, "name_sn": null, "name_nd": null, "highway": "trunk", "surface": "asphalt", "smoothness": null, "width": null, "lanes": "1", "oneway": "yes", "bridge": null, "layer": null, "source": null, "adm0_pcode": "ZWE", "adm0_name": "Zimbabwe", "adm1_pcode": "ZW18", "adm1_name": "Masvingo", "adm2_pcode": "ZW1803", "adm2_name": "Chivi", "adm3_pcode": "ZW180322", "adm3_name": "22", "adm4_pcode": null, "adm4_name": null, "name_latin": "Harare-Beitbridge Highway" }, "geometry": { "type": "LineString", "coordinates": [ [ 30.7053442, -20.6103864 ], [ 30.705805, -20.6113032 ], [ 30.7059312, -20.6116272 ], [ 30.7066957, -20.6135896 ], [ 30.706921, -20.6141682 ], [ 30.7070567, -20.6146481 ] ] } },
{ "type": "Feature", "properties": { "id": "way/277086887", "name": "Harare-Beitbridge Highway", "name_en": null, "name_sn": null, "name_nd": null, "highway": "trunk", "surface": "asphalt", "smoothness": null, "width": null, "lanes": "2", "oneway": "no", "bridge": null, "layer": null, "source": null, "adm0_pcode": "ZWE", "adm0_name": "Zimbabwe", "adm1_pcode": "ZW18", "adm1_name": "Masvingo", "adm2_pcode": "ZW1803", "adm2_name": "Chivi", "adm3_pcode": "ZW180323", "adm3_name": "23", "adm4_pcode": null, "adm4_name": null, "name_latin": "Harare-Beitbridge Highway" }, "geometry": { "type": "LineString", "coordinates": [ [ 30.7070567, -20.6146481 ], [ 30.7073896, -20.6155247 ], [ 30.7077071, -20.6163769 ], [ 30.7079673, -20.6170146 ], [ 30.7081899, -20.617474 ], [ 30.7083723, -20.6178179 ], [ 30.708603, -20.6182171 ], [ 30.7088578, -20.618571 ], [ 30.7092628, -20.6190706 ], [ 30.7096329, -20.6195024 ], [ 30.7103813, -20.6203459 ], [ 30.7116204, -20.6217441 ], [ 30.7132506, -20.6235713 ], [ 30.7171592, -20.6279546 ], [ 30.7180256, -20.6289361 ], [ 30.7184413, -20.6294507 ], [ 30.7189053, -20.6300155 ], [ 30.719431, -20.6306732 ], [ 30.72155, -20.6333465 ], [ 30.7254687, -20.6382764 ], [ 30.7257342, -20.6386052 ], [ 30.7260534, -20.6390018 ], [ 30.7263672, -20.6394335 ], [ 30.7267535, -20.6400083 ], [ 30.7269788, -20.6403723 ], [ 30.7272229, -20.6408141 ], [ 30.7274696, -20.641301 ], [ 30.7280114, -20.6424581 ], [ 30.7290494, -20.6446368 ], [ 30.7317792, -20.6504048 ], [ 30.7353862, -20.6580507 ], [ 30.7389897, -20.665694 ], [ 30.7392096, -20.6661558 ], [ 30.7393599, -20.6664644 ], [ 30.7395261, -20.6668108 ], [ 30.7397917, -20.6673779 ], [ 30.7403845, -20.6686252 ], [ 30.7406205, -20.669107 ], [ 30.7408807, -20.6695663 ], [ 30.741224, -20.6701084 ], [ 30.7415553, -20.6705945 ], [ 30.7418597, -20.6710043 ], [ 30.7422459, -20.6714861 ], [ 30.7425892, -20.6718751 ], [ 30.7429808, -20.6722917 ], [ 30.7433577, -20.6726523 ], [ 30.7437587, -20.6730269 ], [ 30.7442763, -20.673451 ], [ 30.744676, -20.6737622 ], [ 30.7450086, -20.6739956 ], [ 30.748738, -20.6764772 ], [ 30.7494476, -20.6769517 ], [ 30.7503542, -20.6775791 ], [ 30.7517302, -20.6786155 ], [ 30.7530177, -20.6796042 ], [ 30.7541925, -20.6804925 ], [ 30.7581219, -20.6834837 ], [ 30.7593182, -20.6844046 ], [ 30.7601738, -20.685057 ], [ 30.7611582, -20.6858048 ], [ 30.7616892, -20.686259 ], [ 30.7620535, -20.6866107 ], [ 30.7621077, -20.686663 ], [ 30.7625583, -20.6871447 ], [ 30.7631215, -20.6877997 ], [ 30.7636526, -20.6884596 ], [ 30.7649615, -20.6901182 ], [ 30.765793, -20.6911871 ], [ 30.7668498, -20.6925371 ], [ 30.7672361, -20.6930013 ], [ 30.7676491, -20.6935131 ], [ 30.7688937, -20.6951064 ], [ 30.7689744, -20.6952093 ], [ 30.7692558, -20.6955681 ], [ 30.7695991, -20.6960173 ], [ 30.7699156, -20.6964714 ], [ 30.7701704, -20.6968929 ], [ 30.7703662, -20.6972718 ], [ 30.7705183, -20.6976066 ], [ 30.7706961, -20.6980823 ], [ 30.770849, -20.6985515 ], [ 30.771195, -20.6997558 ], [ 30.7715115, -20.7008849 ], [ 30.7717717, -20.7018358 ], [ 30.7720399, -20.7027917 ], [ 30.7722303, -20.7033362 ], [ 30.7724449, -20.7038606 ], [ 30.7726487, -20.7042971 ], [ 30.772845, -20.704654 ], [ 30.773153, -20.7051627 ], [ 30.7735312, -20.7057072 ], [ 30.7740542, -20.7064298 ], [ 30.7744204, -20.7069617 ], [ 30.7748897, -20.7075626 ], [ 30.7751727, -20.7079577 ], [ 30.7753658, -20.7081672 ], [ 30.7755697, -20.7083541 ], [ 30.7759774, -20.7086803 ], [ 30.7763663, -20.7089914 ], [ 30.7767713, -20.7092849 ], [ 30.777187, -20.7095885 ], [ 30.7775599, -20.7099197 ], [ 30.7779005, -20.7102559 ], [ 30.7781848, -20.710572 ], [ 30.7784772, -20.7109282 ], [ 30.7787669, -20.7113121 ], [ 30.7790539, -20.7117511 ], [ 30.7792792, -20.7121475 ], [ 30.779534, -20.7126217 ], [ 30.7798183, -20.713136 ], [ 30.7800467, -20.7135686 ], [ 30.7801455, -20.7137557 ], [ 30.7805318, -20.7144958 ], [ 30.7807839, -20.7149549 ], [ 30.7812399, -20.715823 ], [ 30.7816932, -20.716691 ], [ 30.7820472, -20.7173809 ], [ 30.7824495, -20.7181612 ], [ 30.7830933, -20.719403 ], [ 30.7842996, -20.7217041 ], [ 30.7854295, -20.7238484 ], [ 30.7857406, -20.7244204 ], [ 30.7859927, -20.7248343 ], [ 30.7863066, -20.7252909 ], [ 30.7866606, -20.7257148 ], [ 30.7870361, -20.7261463 ], [ 30.7878515, -20.7270369 ], [ 30.7883826, -20.7275988 ], [ 30.7890987, -20.7283689 ], [ 30.79, -20.7293699 ], [ 30.7910219, -20.730495 ], [ 30.7920411, -20.731605 ], [ 30.7936344, -20.7333484 ], [ 30.7946241, -20.734412 ], [ 30.7949433, -20.7347632 ], [ 30.7952625, -20.735137 ], [ 30.7955709, -20.7355132 ], [ 30.7958257, -20.735892 ], [ 30.7960725, -20.7363761 ], [ 30.7963407, -20.7369757 ], [ 30.7965365, -20.7374698 ], [ 30.796794, -20.7380769 ], [ 30.7969844, -20.7385259 ], [ 30.7971963, -20.7389573 ], [ 30.7974793, -20.7394113 ], [ 30.7976872, -20.7397023 ], [ 30.7978642, -20.739913 ], [ 30.7982424, -20.7403068 ], [ 30.7985803, -20.7406078 ], [ 30.798656, -20.7406727 ], [ 30.7989666, -20.7409389 ], [ 30.799436, -20.7413127 ], [ 30.8000985, -20.7418746 ], [ 30.8015603, -20.7431287 ], [ 30.8029926, -20.7443729 ], [ 30.8042452, -20.7454414 ], [ 30.8061174, -20.7470267 ], [ 30.8075041, -20.7482231 ], [ 30.8079815, -20.7486445 ], [ 30.8083597, -20.7489956 ], [ 30.8087406, -20.7493819 ], [ 30.8091107, -20.7497832 ], [ 30.8095747, -20.7503526 ], [ 30.8098429, -20.7507163 ], [ 30.81002, -20.7509746 ], [ 30.810264, -20.7513484 ], [ 30.8107012, -20.7520808 ], [ 30.811066, -20.7527254 ], [ 30.8120155, -20.7543532 ], [ 30.8123964, -20.7550003 ], [ 30.8127263, -20.755537 ], [ 30.8130026, -20.7559709 ], [ 30.8132976, -20.7564073 ], [ 30.8136222, -20.7568212 ], [ 30.814113, -20.757398 ], [ 30.8148211, -20.7582006 ], [ 30.8161542, -20.7597506 ], [ 30.8172163, -20.7609545 ], [ 30.8175275, -20.7613482 ], [ 30.8177179, -20.7616291 ], [ 30.8179486, -20.7620279 ], [ 30.8181417, -20.7624142 ], [ 30.818257, -20.7627402 ], [ 30.8183724, -20.7631365 ], [ 30.8184689, -20.7635603 ], [ 30.8185226, -20.763929 ], [ 30.8185601, -20.7643955 ], [ 30.8185822, -20.7648267 ], [ 30.818603, -20.7652331 ], [ 30.8187456, -20.7676705 ], [ 30.818802, -20.768729 ], [ 30.8188632, -20.7698778 ], [ 30.8188874, -20.7703092 ], [ 30.818882, -20.7708033 ], [ 30.8188444, -20.7711569 ], [ 30.8187452, -20.7715857 ], [ 30.8186004, -20.7719895 ], [ 30.8184019, -20.7724058 ], [ 30.8182195, -20.7726967 ], [ 30.8179164, -20.7730679 ], [ 30.8176294, -20.7733638 ], [ 30.8172807, -20.7736321 ], [ 30.8169079, -20.7738729 ], [ 30.8164331, -20.7741337 ], [ 30.8158819, -20.7744347 ], [ 30.8141479, -20.7753675 ], [ 30.8137134, -20.7756083 ], [ 30.8133244, -20.7758691 ], [ 30.8129221, -20.7762076 ], [ 30.8125949, -20.7765412 ], [ 30.8123481, -20.7768547 ], [ 30.8121148, -20.7772258 ], [ 30.8119243, -20.7775869 ], [ 30.8117849, -20.7779506 ], [ 30.8116373, -20.7783643 ], [ 30.8111197, -20.7799191 ], [ 30.8109292, -20.7804683 ], [ 30.8107788, -20.7808855 ], [ 30.8106154, -20.7812282 ], [ 30.8103955, -20.7816093 ], [ 30.8101165, -20.7819805 ], [ 30.8098215, -20.7823416 ], [ 30.8095077, -20.7826525 ], [ 30.8091965, -20.7829284 ], [ 30.8088398, -20.7832017 ], [ 30.808416, -20.7834675 ], [ 30.8078796, -20.783781 ], [ 30.806568, -20.7845609 ], [ 30.8059967, -20.7848919 ], [ 30.8051705, -20.785406 ], [ 30.8048058, -20.7856768 ], [ 30.8044758, -20.7859677 ], [ 30.804162, -20.7862736 ], [ 30.8039314, -20.7865544 ], [ 30.8035961, -20.7870184 ], [ 30.8035332, -20.7871242 ], [ 30.8034083, -20.7873343 ], [ 30.8032072, -20.7877681 ], [ 30.803057, -20.7881367 ], [ 30.8030134, -20.7882845 ], [ 30.8029336, -20.7885555 ], [ 30.8028531, -20.7889567 ], [ 30.8027914, -20.789373 ], [ 30.8027297, -20.7898595 ], [ 30.80266, -20.7903108 ], [ 30.8025742, -20.7907496 ], [ 30.8024722, -20.7911534 ], [ 30.8023247, -20.7915821 ], [ 30.802145, -20.7919708 ], [ 30.8019251, -20.792362 ], [ 30.8017132, -20.7926679 ], [ 30.8014879, -20.7929738 ], [ 30.8011579, -20.793355 ], [ 30.8008629, -20.7937085 ], [ 30.8005089, -20.7941223 ], [ 30.8001414, -20.7945285 ], [ 30.7998249, -20.7949071 ], [ 30.7995433, -20.7952807 ], [ 30.7993153, -20.7956242 ], [ 30.7991141, -20.7960129 ], [ 30.798921, -20.7964517 ], [ 30.7987252, -20.7970033 ], [ 30.7984945, -20.7976753 ], [ 30.7982531, -20.7984664 ], [ 30.7979661, -20.79925 ], [ 30.797824, -20.799586 ], [ 30.7976697, -20.7998994 ], [ 30.797482, -20.8002392 ], [ 30.7973787, -20.8003808 ], [ 30.7972714, -20.8005288 ], [ 30.7969469, -20.8009425 ], [ 30.7966411, -20.8012609 ], [ 30.7963997, -20.8014916 ], [ 30.7961342, -20.8017072 ], [ 30.7955119, -20.8022388 ], [ 30.7943451, -20.8032167 ], [ 30.7931274, -20.8042246 ], [ 30.7915932, -20.8055084 ], [ 30.7909226, -20.8060775 ], [ 30.7905498, -20.8063934 ], [ 30.790185, -20.8066993 ], [ 30.7897156, -20.807088 ], [ 30.7890853, -20.8075919 ], [ 30.7887608, -20.8078828 ], [ 30.7884684, -20.8081611 ], [ 30.7882029, -20.8084444 ], [ 30.7878783, -20.808823 ], [ 30.7874492, -20.8093219 ], [ 30.7870334, -20.8098108 ], [ 30.7858801, -20.8111572 ], [ 30.7848448, -20.8123883 ], [ 30.7837558, -20.813687 ], [ 30.7829404, -20.8146572 ], [ 30.7826427, -20.8150408 ], [ 30.7823369, -20.8154846 ], [ 30.7821599, -20.8157855 ], [ 30.7819802, -20.8161365 ], [ 30.7817763, -20.8166103 ], [ 30.7815751, -20.8170641 ], [ 30.7813793, -20.8175304 ], [ 30.7811862, -20.8180093 ], [ 30.7809709, -20.8185961 ], [ 30.7806095, -20.819501 ], [ 30.7803708, -20.8201202 ], [ 30.7802609, -20.820406 ], [ 30.7800838, -20.8208122 ], [ 30.7799149, -20.8211707 ], [ 30.7797244, -20.8215242 ], [ 30.7795528, -20.821815 ], [ 30.7793489, -20.8221259 ], [ 30.7789466, -20.8226674 ], [ 30.7785282, -20.8232365 ], [ 30.7777664, -20.824307 ], [ 30.7772568, -20.825019 ], [ 30.7765983, -20.8259165 ], [ 30.7763448, -20.8262649 ], [ 30.7759666, -20.8267789 ], [ 30.7754409, -20.8275034 ], [ 30.7751727, -20.8278869 ], [ 30.7749018, -20.8282203 ], [ 30.7746255, -20.8285111 ], [ 30.7743224, -20.8287819 ], [ 30.7739979, -20.8290376 ], [ 30.7735071, -20.8293886 ], [ 30.7726166, -20.8299927 ], [ 30.7712996, -20.8308927 ], [ 30.7707873, -20.8312387 ], [ 30.7703072, -20.8315595 ], [ 30.7694757, -20.8321186 ], [ 30.7684109, -20.8328481 ], [ 30.7676116, -20.8333996 ], [ 30.7671422, -20.833733 ], [ 30.766764, -20.8340413 ], [ 30.7664528, -20.8343822 ], [ 30.7661873, -20.8347608 ], [ 30.7659727, -20.8351343 ], [ 30.7658118, -20.8355279 ], [ 30.7657045, -20.835944 ], [ 30.7656535, -20.8362335 ], [ 30.7656308, -20.8364779 ], [ 30.7656254, -20.8367474 ], [ 30.7656348, -20.8369994 ], [ 30.7656576, -20.8372174 ], [ 30.7656938, -20.8374443 ], [ 30.7657488, -20.8376749 ], [ 30.7658252, -20.8379256 ], [ 30.7659271, -20.8381813 ], [ 30.7660291, -20.8384056 ], [ 30.7661551, -20.8386325 ], [ 30.7663053, -20.8388594 ], [ 30.766481, -20.8391013 ], [ 30.7692336, -20.8425468 ], [ 30.76965, -20.8430506 ] ] } },
{ "type": "Feature", "properties": { "id": "way/668816618", "name": "Harare-Beitbridge Highway", "name_en": null, "name_sn": null, "name_nd": null, "highway": "trunk", "surface": "asphalt", "smoothness": null, "width": null, "lanes": "2", "oneway": "no", "bridge": "yes", "layer": "1", "source": null, "adm0_pcode": "ZWE", "adm0_name": "Zimbabwe", "adm1_pcode": "ZW18", "adm1_name": "Masvingo", "adm2_pcode": "ZW1803", "adm2_name": "Chivi", "adm3_pcode": "ZW180325", "adm3_name": "25", "adm4_pcode": null, "adm4_name": null, "name_latin": "Harare-Beitbridge Highway" }, "geometry": { "type": "LineString", "coordinates": [ [ 30.76965, -20.8430506 ], [ 30.7697707, -20.843201 ] ] } },
{ "type": "Feature", "properties": { "id": "way/668816611", "name": "Harare-Beitbridge Highway", "name_en": null, "name_sn": null, "name_nd": null, "highway": "trunk", "surface": "asphalt", "smoothness": null, "width": null, "lanes": "2", "oneway": "no", "bridge": null, "layer": null, "source": null, "adm0_pcode": "ZWE", "adm0_name": "Zimbabwe", "adm1_pcode": "ZW18", "adm1_name": "Masvingo", "adm2_pcode": "ZW1803", "adm2_name": "Chivi", "adm3_pcode": "ZW180326", "adm3_name": "26", "adm4_pcode": null, "adm4_name": null, "name_latin": "Harare-Beitbridge Highway" }, "geometry": { "type": "LineString", "coordinates": [ [ 30.7697707, -20.843201 ], [ 30.7709241, -20.8446323 ], [ 30.7713023, -20.8451086 ], [ 30.7715571, -20.8454695 ], [ 30.7718199, -20.8459132 ], [ 30.7719997, -20.8462967 ], [ 30.7721418, -20.8466802 ], [ 30.7722571, -20.8470637 ], [ 30.7723618, -20.8475425 ], [ 30.7726804, -20.8491856 ], [ 30.7731289, -20.8515731 ], [ 30.7734373, -20.8531422 ], [ 30.7735929, -20.8539016 ], [ 30.774183, -20.8570297 ], [ 30.7742473, -20.8574759 ], [ 30.7742983, -20.8579922 ], [ 30.7743359, -20.8584609 ], [ 30.7743412, -20.858912 ], [ 30.7743224, -20.8593883 ], [ 30.7742661, -20.8607267 ], [ 30.7742044, -20.8619047 ], [ 30.7741945, -20.8625328 ], [ 30.7740998, -20.864792 ], [ 30.774081, -20.8653359 ], [ 30.7740435, -20.8657845 ], [ 30.7739469, -20.8663083 ], [ 30.773845, -20.8666667 ], [ 30.7736894, -20.8671078 ], [ 30.7735071, -20.8674812 ], [ 30.773322, -20.8678396 ], [ 30.7730377, -20.8682632 ], [ 30.7727721, -20.8685765 ], [ 30.7723215, -20.8690652 ], [ 30.7717395, -20.8696542 ], [ 30.7711843, -20.8702055 ], [ 30.7705566, -20.8708446 ], [ 30.7702669, -20.8711379 ], [ 30.7699692, -20.8714336 ], [ 30.7696339, -20.8718346 ], [ 30.7692933, -20.8723158 ], [ 30.7690814, -20.8727017 ], [ 30.7688776, -20.8731629 ], [ 30.7687837, -20.8734009 ], [ 30.7687059, -20.8736039 ], [ 30.7685718, -20.8740851 ], [ 30.7684725, -20.8745738 ], [ 30.7683626, -20.8752505 ], [ 30.7682741, -20.8758294 ], [ 30.7682124, -20.8763181 ], [ 30.7681856, -20.8767792 ], [ 30.7681909, -20.8772504 ], [ 30.7682312, -20.8776589 ], [ 30.7683304, -20.878125 ], [ 30.7684672, -20.8785285 ], [ 30.7686576, -20.8789144 ], [ 30.7688963, -20.879363 ], [ 30.7692558, -20.8799971 ], [ 30.7698029, -20.8809318 ], [ 30.7701489, -20.8815583 ], [ 30.7705781, -20.8823778 ], [ 30.7709777, -20.8831296 ], [ 30.7713345, -20.8837862 ], [ 30.7716081, -20.8842222 ], [ 30.7718146, -20.8845129 ], [ 30.7720801, -20.8848337 ], [ 30.7723322, -20.8851093 ], [ 30.772638, -20.8853875 ], [ 30.7730082, -20.8856907 ], [ 30.7734212, -20.8859889 ], [ 30.7738423, -20.8862997 ], [ 30.7742125, -20.8866305 ], [ 30.7743546, -20.8867658 ], [ 30.7746765, -20.8871291 ], [ 30.774875, -20.8873672 ], [ 30.7751432, -20.8877155 ], [ 30.7753605, -20.8880188 ], [ 30.7755563, -20.8882869 ], [ 30.7757252, -20.8885275 ], [ 30.7759103, -20.8888432 ], [ 30.7761437, -20.8892692 ], [ 30.776377, -20.8897178 ], [ 30.7766716, -20.8902816 ] ] } },
{ "type": "Feature", "properties": { "id": "way/108013971", "name": "Harare-Beitbridge Highway", "name_en": null, "name_sn": null, "name_nd": null, "highway": "trunk", "surface": "asphalt", "smoothness": null, "width": null, "lanes": "2", "oneway": "no", "bridge": "yes", "layer": "1", "source": null, "adm0_pcode": "ZWE", "adm0_name": "Zimbabwe", "adm1_pcode": "ZW18", "adm1_name": "Masvingo", "adm2_pcode": "ZW1806", "adm2_name": "Mwenezi", "adm3_pcode": "ZW180601", "adm3_name": "1", "adm4_pcode": null, "adm4_name": null, "name_latin": "Harare-Beitbridge Highway" }, "geometry": { "type": "LineString", "coordinates": [ [ 30.7766716, -20.8902816 ], [ 30.7771991, -20.8912188 ], [ 30.7777952, -20.8922374 ] ] } },
{ "type": "Feature", "properties": { "id": "way/454326207", "name": "Harare-Beitbridge Highway", "name_en": null, "name_sn": null, "name_nd": null, "highway": "trunk", "surface": "asphalt", "smoothness": null, "width": null, "lanes": "2", "oneway": "no", "bridge": null, "layer": null, "source": null, "adm0_pcode": "ZWE", "adm0_name": "Zimbabwe", "adm1_pcode": "ZW18", "adm1_name": "Masvingo", "adm2_pcode": "ZW1806", "adm2_name": "Mwenezi", "adm3_pcode": "ZW180601", "adm3_name": "1", "adm4_pcode": null, "adm4_name": null, "name_latin": "Harare-Beitbridge Highway" }, "geometry": { "type": "LineString", "coordinates": [ [ 30.7777952, -20.8922374 ], [ 30.7784182, -20.8933488 ], [ 30.7786113, -20.8937071 ], [ 30.7787062, -20.8939264 ], [ 30.7787937, -20.8941782 ], [ 30.7789037, -20.8946167 ], [ 30.7789732, -20.894973 ], [ 30.7790029, -20.895391 ], [ 30.7790002, -20.8957544 ], [ 30.7789814, -20.8960751 ], [ 30.7789546, -20.8963282 ], [ 30.7788822, -20.8966765 ], [ 30.7788017, -20.8969672 ], [ 30.7786944, -20.8972754 ], [ 30.7785898, -20.8975109 ], [ 30.7784691, -20.8977765 ], [ 30.778327, -20.8980271 ], [ 30.7781526, -20.8982877 ], [ 30.7779247, -20.8985984 ], [ 30.7777262, -20.8988239 ], [ 30.7775331, -20.8990319 ], [ 30.7773436, -20.8992432 ], [ 30.7771441, -20.8994504 ], [ 30.7769456, -20.8996709 ], [ 30.7768048, -20.8998488 ], [ 30.7767633, -20.8999064 ], [ 30.7765433, -20.9001946 ], [ 30.7763126, -20.9005504 ], [ 30.7761115, -20.9008912 ], [ 30.7759398, -20.9012294 ], [ 30.7758892, -20.9013373 ], [ 30.7757574, -20.9016329 ], [ 30.7756126, -20.9020238 ], [ 30.7754838, -20.9024698 ], [ 30.7753685, -20.9029108 ], [ 30.7752398, -20.9033793 ], [ 30.7751995, -20.9035397 ], [ 30.7749608, -20.9044442 ], [ 30.7746191, -20.9056497 ], [ 30.7744566, -20.9062232 ], [ 30.7737831, -20.9086982 ], [ 30.7732522, -20.910608 ], [ 30.7729679, -20.9116453 ], [ 30.7728553, -20.9120713 ], [ 30.7727078, -20.9126275 ], [ 30.7725817, -20.913081 ], [ 30.7724369, -20.9136122 ], [ 30.7723162, -20.9140782 ], [ 30.7722089, -20.9145442 ], [ 30.772123, -20.9149802 ], [ 30.7720587, -20.9154362 ], [ 30.7720184, -20.9158295 ], [ 30.7719695, -20.9164252 ], [ 30.7719567, -20.9168066 ], [ 30.7719594, -20.9172551 ], [ 30.7719755, -20.9175533 ], [ 30.7719993, -20.9180075 ], [ 30.7720139, -20.91811 ], [ 30.7724905, -20.9214617 ], [ 30.7725629, -20.922053 ], [ 30.7725817, -20.9224939 ], [ 30.7725817, -20.9229799 ], [ 30.7725495, -20.9233658 ], [ 30.7724905, -20.9237516 ], [ 30.7724208, -20.9240948 ], [ 30.7723162, -20.9244656 ], [ 30.7722062, -20.9248013 ], [ 30.7720682, -20.9251939 ], [ 30.771887, -20.9255805 ], [ 30.771718, -20.9259012 ], [ 30.7715034, -20.9262644 ], [ 30.7712433, -20.9266177 ], [ 30.7706605, -20.9273788 ], [ 30.7706371, -20.9274093 ], [ 30.7690071, -20.9295782 ], [ 30.7659261, -20.9336684 ], [ 30.7611074, -20.9400651 ], [ 30.7604152, -20.9409923 ], [ 30.7601416, -20.9413781 ], [ 30.7599391, -20.9416787 ], [ 30.7597862, -20.9419229 ], [ 30.759632, -20.9421847 ], [ 30.7594416, -20.9425304 ], [ 30.7592458, -20.9428886 ], [ 30.7590714, -20.9432243 ], [ 30.7588917, -20.94357 ], [ 30.7587495, -20.9438931 ], [ 30.7586262, -20.9442037 ], [ 30.7584947, -20.9445419 ], [ 30.7583606, -20.9449026 ], [ 30.7582265, -20.9452734 ], [ 30.7580924, -20.9456917 ], [ 30.7579529, -20.9461626 ], [ 30.7578094, -20.9467125 ], [ 30.7577598, -20.9469768 ], [ 30.7576807, -20.947375 ], [ 30.7575828, -20.9478873 ], [ 30.7575037, -20.9482768 ], [ 30.7574058, -20.9488379 ], [ 30.7572502, -20.9496357 ], [ 30.7571536, -20.9501442 ], [ 30.7570689, -20.9505406 ] ] } },
{ "type": "Feature", "properties": { "id": "way/668794519", "name": "Harare-Beitbridge Highway", "name_en": null, "name_sn": null, "name_nd": null, "highway": "trunk", "surface": "asphalt", "smoothness": null, "width": null, "lanes": "2", "oneway": "no", "bridge": null, "layer": null, "source": null, "adm0_pcode": "ZWE", "adm0_name": "Zimbabwe", "adm1_pcode": "ZW18", "adm1_name": "Masvingo", "adm2_pcode": "ZW1806", "adm2_name": "Mwenezi", "adm3_pcode": "ZW180613", "adm3_name": "13", "adm4_pcode": null, "adm4_name": null, "name_latin": "Harare-Beitbridge Highway" }, "geometry": { "type": "LineString", "coordinates": [ [ 30.7570007, -20.950937 ], [ 30.7567057, -20.9525952 ], [ 30.7563651, -20.9543236 ], [ 30.7555336, -20.9587044 ], [ 30.7548879, -20.9620902 ], [ 30.754745, -20.9628472 ], [ 30.7545465, -20.9640119 ], [ 30.7544044, -20.9648334 ], [ 30.7542998, -20.9655122 ], [ 30.754163, -20.9663312 ], [ 30.7540371, -20.9672203 ], [ 30.7538518, -20.9688383 ], [ 30.7536748, -20.9704212 ], [ 30.7536185, -20.9710799 ], [ 30.7535407, -20.9720692 ], [ 30.7534227, -20.9740177 ], [ 30.7533047, -20.9759837 ], [ 30.7531679, -20.9782953 ], [ 30.7530498, -20.9801085 ], [ 30.7525954, -20.987799 ], [ 30.7525617, -20.9884579 ], [ 30.7525, -20.9890965 ], [ 30.7524638, -20.9894483 ], [ 30.7524195, -20.9898052 ], [ 30.7523525, -20.9902059 ], [ 30.752264, -20.9906341 ], [ 30.7521728, -20.9910172 ], [ 30.7520896, -20.9913929 ], [ 30.7519823, -20.9917385 ], [ 30.7518858, -20.992084 ], [ 30.7517704, -20.9924647 ], [ 30.7516471, -20.9928052 ], [ 30.751521, -20.9931433 ], [ 30.7513855, -20.9934901 ], [ 30.7512729, -20.9937656 ], [ 30.7511334, -20.9940774 ], [ 30.7509537, -20.9944367 ], [ 30.7508384, -20.9946809 ], [ 30.7507123, -20.99493 ], [ 30.750601, -20.9951366 ], [ 30.7504682, -20.995367 ], [ 30.7502966, -20.9956687 ], [ 30.7500967, -20.9959968 ], [ 30.7499532, -20.9962221 ], [ 30.7498191, -20.996425 ], [ 30.7496542, -20.9966591 ], [ 30.749516, -20.9968507 ], [ 30.7492988, -20.9971462 ], [ 30.7491137, -20.9973928 ], [ 30.7486953, -20.9979613 ], [ 30.7483117, -20.9984921 ], [ 30.748077, -20.9988151 ], [ 30.747833, -20.9991407 ], [ 30.7473542, -20.9997867 ], [ 30.7469425, -21.0003351 ], [ 30.7465281, -21.0009023 ], [ 30.7459487, -21.0016898 ], [ 30.7457073, -21.0020191 ], [ 30.7455973, -21.0021681 ], [ 30.7454619, -21.0023746 ], [ 30.7451762, -21.0027828 ], [ 30.7449938, -21.0030307 ], [ 30.7447565, -21.003355 ], [ 30.7443152, -21.0039609 ], [ 30.7437949, -21.0046783 ], [ 30.743304, -21.0053406 ], [ 30.7429232, -21.0058677 ], [ 30.7424873, -21.0064536 ], [ 30.7421708, -21.0068906 ], [ 30.7419495, -21.0072161 ], [ 30.7417765, -21.007494 ], [ 30.7415982, -21.0077957 ], [ 30.7414319, -21.0080875 ], [ 30.7413045, -21.0083466 ], [ 30.7411757, -21.0086296 ], [ 30.7410255, -21.0089901 ], [ 30.7409061, -21.0093219 ], [ 30.7407787, -21.0097112 ], [ 30.7406862, -21.0100292 ], [ 30.7406084, -21.0103698 ], [ 30.740534, -21.0107579 ], [ 30.740485, -21.0110571 ], [ 30.7404461, -21.0113738 ], [ 30.7404274, -21.0116593 ], [ 30.7404046, -21.01213 ], [ 30.7404086, -21.012443 ], [ 30.7404166, -21.0127422 ], [ 30.7404274, -21.0130001 ], [ 30.7404475, -21.0131916 ], [ 30.740473, -21.0134495 ], [ 30.7405226, -21.0137813 ], [ 30.7405937, -21.0142457 ], [ 30.7406674, -21.014759 ], [ 30.7406902, -21.0150845 ], [ 30.7407023, -21.0153712 ], [ 30.7407023, -21.015718 ], [ 30.740701, -21.0160247 ], [ 30.7406929, -21.0163214 ], [ 30.7406768, -21.0165943 ], [ 30.74065, -21.0168609 ], [ 30.7406071, -21.0171551 ], [ 30.7405601, -21.0174593 ], [ 30.7405078, -21.0177335 ], [ 30.7404368, -21.0180477 ], [ 30.7403898, -21.0182706 ] ] } },
{ "type": "Feature", "properties": { "id": "way/454326206", "name": "Harare-Beitbridge Highway", "name_en": null, "name_sn": null, "name_nd": null, "highway": "trunk", "surface": "asphalt", "smoothness": null, "width": null, "lanes": "2", "oneway": "no", "bridge": "yes", "layer": "1", "source": null, "adm0_pcode": "ZWE", "adm0_name": "Zimbabwe", "adm1_pcode": "ZW18", "adm1_name": "Masvingo", "adm2_pcode": "ZW1806", "adm2_name": "Mwenezi", "adm3_pcode": "ZW180613", "adm3_name": "13", "adm4_pcode": null, "adm4_name": null, "name_latin": "Harare-Beitbridge Highway" }, "geometry": { "type": "LineString", "coordinates": [ [ 30.7570689, -20.9505406 ], [ 30.7570007, -20.950937 ] ] } },
{ "type": "Feature", "properties": { "id": "way/536122448", "name": "Harare-Beitbridge Highway", "name_en": null, "name_sn": null, "name_nd": null, "highway": "trunk", "surface": "asphalt", "smoothness": null, "width": null, "lanes": "2", "oneway": "no", "bridge": "yes", "layer": "1", "source": null, "adm0_pcode": "ZWE", "adm0_name": "Zimbabwe", "adm1_pcode": "ZW18", "adm1_name": "Masvingo", "adm2_pcode": "ZW1806", "adm2_name": "Mwenezi", "adm3_pcode": "ZW180613", "adm3_name": "13", "adm4_pcode": null, "adm4_name": null, "name_latin": "Harare-Beitbridge Highway" }, "geometry": { "type": "LineString", "coordinates": [ [ 30.7358, -21.043085 ], [ 30.7358649, -21.0434637 ] ] } },
{ "type": "Feature", "properties": { "id": "way/536122457", "name": "Harare-Beitbridge Highway", "name_en": null, "name_sn": null, "name_nd": null, "highway": "trunk", "surface": "asphalt", "smoothness": null, "width": null, "lanes": "2", "oneway": "no", "bridge": null, "layer": null, "source": null, "adm0_pcode": "ZWE", "adm0_name": "Zimbabwe", "adm1_pcode": "ZW18", "adm1_name": "Masvingo", "adm2_pcode": "ZW1806", "adm2_name": "Mwenezi", "adm3_pcode": "ZW180613", "adm3_name": "13", "adm4_pcode": null, "adm4_name": null, "name_latin": "Harare-Beitbridge Highway" }, "geometry": { "type": "LineString", "coordinates": [ [ 30.7403523, -21.0184083 ], [ 30.7402343, -21.0188114 ], [ 30.740076, -21.0192946 ], [ 30.739907, -21.0197302 ], [ 30.739671, -21.0203637 ], [ 30.7395852, -21.0206015 ], [ 30.7393786, -21.021096 ], [ 30.7390648, -21.021941 ], [ 30.7385391, -21.0233105 ], [ 30.7380831, -21.024461 ], [ 30.737721, -21.0254336 ], [ 30.737434, -21.0261847 ], [ 30.7370344, -21.0272412 ], [ 30.7367527, -21.0279698 ], [ 30.7363826, -21.0289562 ], [ 30.7358837, -21.030248 ], [ 30.7355377, -21.0311593 ], [ 30.7352748, -21.0318403 ], [ 30.7351327, -21.0322283 ], [ 30.7349423, -21.0328267 ], [ 30.7348323, -21.0332072 ], [ 30.7347304, -21.0336829 ], [ 30.7346553, -21.0341135 ], [ 30.7345962, -21.0345466 ], [ 30.7345426, -21.0349847 ], [ 30.7345238, -21.0353927 ], [ 30.7345238, -21.0359034 ], [ 30.7345507, -21.0363315 ], [ 30.7345962, -21.0367872 ], [ 30.7346631, -21.0373104 ], [ 30.7349718, -21.038875 ], [ 30.7352963, -21.0405898 ], [ 30.7354143, -21.0412382 ], [ 30.7358, -21.043085 ] ] } },
{ "type": "Feature", "properties": { "id": "way/668794518", "name": "Harare-Beitbridge Highway", "name_en": null, "name_sn": null, "name_nd": null, "highway": "trunk", "surface": "asphalt", "smoothness": null, "width": null, "lanes": "2", "oneway": "no", "bridge": "yes", "layer": "1", "source": null, "adm0_pcode": "ZWE", "adm0_name": "Zimbabwe", "adm1_pcode": "ZW18", "adm1_name": "Masvingo", "adm2_pcode": "ZW1806", "adm2_name": "Mwenezi", "adm3_pcode": "ZW180613", "adm3_name": "13", "adm4_pcode": null, "adm4_name": null, "name_latin": "Harare-Beitbridge Highway" }, "geometry": { "type": "LineString", "coordinates": [ [ 30.7403898, -21.0182706 ], [ 30.7403523, -21.0184083 ] ] } },
{ "type": "Feature", "properties": { "id": "way/536122453", "name": "Harare-Beitbridge Highway", "name_en": null, "name_sn": null, "name_nd": null, "highway": "trunk", "surface": "asphalt", "smoothness": null, "width": null, "lanes": "2", "oneway": "no", "bridge": "yes", "layer": "1", "source": null, "adm0_pcode": "ZWE", "adm0_name": "Zimbabwe", "adm1_pcode": "ZW18", "adm1_name": "Masvingo", "adm2_pcode": "ZW1806", "adm2_name": "Mwenezi", "adm3_pcode": "ZW180613", "adm3_name": "13", "adm4_pcode": null, "adm4_name": null, "name_latin": "Harare-Beitbridge Highway" }, "geometry": { "type": "LineString", "coordinates": [ [ 30.7362926, -21.0798365 ], [ 30.7363987, -21.0799953 ] ] } },
{ "type": "Feature", "properties": { "id": "way/536122444", "name": "Harare-Beitbridge Highway", "name_en": null, "name_sn": null, "name_nd": null, "highway": "trunk", "surface": "asphalt", "smoothness": null, "width": null, "lanes": "2", "oneway": "no", "bridge": null, "layer": null, "source": null, "adm0_pcode": "ZWE", "adm0_name": "Zimbabwe", "adm1_pcode": "ZW18", "adm1_name": "Masvingo", "adm2_pcode": "ZW1806", "adm2_name": "Mwenezi", "adm3_pcode": "ZW180613", "adm3_name": "13", "adm4_pcode": null, "adm4_name": null, "name_latin": "Harare-Beitbridge Highway" }, "geometry": { "type": "LineString", "coordinates": [ [ 30.7358649, -21.0434637 ], [ 30.7359856, -21.0441095 ], [ 30.7360741, -21.0446077 ], [ 30.7361305, -21.0450057 ], [ 30.7361573, -21.0455064 ], [ 30.7361466, -21.0458443 ], [ 30.7361305, -21.0461748 ], [ 30.7360902, -21.0465077 ], [ 30.7360339, -21.0468657 ], [ 30.7359213, -21.0473137 ], [ 30.7358167, -21.0476442 ], [ 30.7356879, -21.0480147 ], [ 30.7355565, -21.0483125 ], [ 30.7354063, -21.0486179 ], [ 30.7352346, -21.0489158 ], [ 30.7350281, -21.0492488 ], [ 30.7348081, -21.0495466 ], [ 30.7345211, -21.0498896 ], [ 30.7342824, -21.0501499 ], [ 30.7340384, -21.0504278 ], [ 30.7337218, -21.0508308 ], [ 30.7334939, -21.0511887 ], [ 30.7332578, -21.0516043 ], [ 30.7330433, -21.0520498 ], [ 30.7328823, -21.0524729 ], [ 30.7327348, -21.052951 ], [ 30.7326516, -21.053374 ], [ 30.7325685, -21.0538371 ], [ 30.7325658, -21.0543277 ], [ 30.7325685, -21.0551312 ], [ 30.73259, -21.0558546 ], [ 30.7326034, -21.0571813 ], [ 30.7326409, -21.0592638 ], [ 30.7326758, -21.0608558 ], [ 30.7326999, -21.0621749 ], [ 30.7327357, -21.06435 ], [ 30.7327869, -21.0669935 ], [ 30.7328662, -21.0709577 ], [ 30.7328957, -21.0715058 ], [ 30.7329655, -21.0721641 ], [ 30.733054, -21.0727572 ], [ 30.733117, -21.0731189 ], [ 30.7332015, -21.0735269 ], [ 30.7333101, -21.0739611 ], [ 30.7333946, -21.0742965 ], [ 30.7334965, -21.0746681 ], [ 30.7335998, -21.0749973 ], [ 30.7337339, -21.0753777 ], [ 30.7338734, -21.0757581 ], [ 30.7340437, -21.076151 ], [ 30.7342154, -21.0765327 ], [ 30.7344259, -21.0769494 ], [ 30.734607, -21.0772923 ], [ 30.7347961, -21.0776352 ], [ 30.7350013, -21.0779743 ], [ 30.7351877, -21.0782646 ], [ 30.7353781, -21.0785662 ], [ 30.7357429, -21.0790705 ], [ 30.7359548, -21.0793796 ], [ 30.7362926, -21.0798365 ] ] } },
{ "type": "Feature", "properties": { "id": "way/882352916", "name": "Harare-Beitbridge Highway", "name_en": null, "name_sn": null, "name_nd": null, "highway": "trunk", "surface": "asphalt", "smoothness": null, "width": null, "lanes": "2", "oneway": "no", "bridge": null, "layer": null, "source": null, "adm0_pcode": "ZWE", "adm0_name": "Zimbabwe", "adm1_pcode": "ZW18", "adm1_name": "Masvingo", "adm2_pcode": "ZW1806", "adm2_name": "Mwenezi", "adm3_pcode": "ZW180613", "adm3_name": "13", "adm4_pcode": null, "adm4_name": null, "name_latin": "Harare-Beitbridge Highway" }, "geometry": { "type": "LineString", "coordinates": [ [ 30.7411054, -21.1379375 ], [ 30.7411864, -21.1383246 ], [ 30.741747, -21.1408938 ], [ 30.7422211, -21.1429577 ], [ 30.7422714, -21.1432204 ], [ 30.7423572, -21.1436131 ], [ 30.7425369, -21.1444387 ], [ 30.7426965, -21.1451754 ], [ 30.7427931, -21.1455669 ], [ 30.7428829, -21.1459897 ], [ 30.7429916, -21.1464587 ], [ 30.7430761, -21.146909 ], [ 30.7431498, -21.1473543 ], [ 30.7431968, -21.1477208 ], [ 30.7432491, -21.1481485 ], [ 30.7432772, -21.14855 ], [ 30.7432973, -21.1490353 ], [ 30.7433094, -21.149682 ], [ 30.7433067, -21.1500547 ], [ 30.7432879, -21.150495 ], [ 30.7432638, -21.1508452 ], [ 30.743237, -21.1511716 ], [ 30.7432075, -21.1514806 ], [ 30.7431592, -21.151802 ], [ 30.7431077, -21.1521364 ] ] } },
{ "type": "Feature", "properties": { "id": "way/585682819", "name": "Harare-Beitbridge Highway", "name_en": null, "name_sn": null, "name_nd": null, "highway": "trunk", "surface": "asphalt", "smoothness": null, "width": null, "lanes": "2", "oneway": "no", "bridge": "yes", "layer": "1", "source": null, "adm0_pcode": "ZWE", "adm0_name": "Zimbabwe", "adm1_pcode": "ZW18", "adm1_name": "Masvingo", "adm2_pcode": "ZW1806", "adm2_name": "Mwenezi", "adm3_pcode": "ZW180613", "adm3_name": "13", "adm4_pcode": null, "adm4_name": null, "name_latin": "Harare-Beitbridge Highway" }, "geometry": { "type": "LineString", "coordinates": [ [ 30.7431077, -21.1521364 ], [ 30.7430801, -21.1522986 ] ] } },
{ "type": "Feature", "properties": { "id": "way/882352917", "name": "Harare-Beitbridge Highway", "name_en": null, "name_sn": null, "name_nd": null, "highway": "trunk", "surface": "asphalt", "smoothness": null, "width": null, "lanes": "2", "oneway": "no", "bridge": "yes", "layer": "1", "source": null, "adm0_pcode": "ZWE", "adm0_name": "Zimbabwe", "adm1_pcode": "ZW18", "adm1_name": "Masvingo", "adm2_pcode": "ZW1806", "adm2_name": "Mwenezi", "adm3_pcode": "ZW180613", "adm3_name": "13", "adm4_pcode": null, "adm4_name": null, "name_latin": "Harare-Beitbridge Highway" }, "geometry": { "type": "LineString", "coordinates": [ [ 30.7410242, -21.1375581 ], [ 30.7411054, -21.1379375 ] ] } },
{ "type": "Feature", "properties": { "id": "way/585682823", "name": "Harare-Beitbridge Highway", "name_en": null, "name_sn": null, "name_nd": null, "highway": "trunk", "surface": "asphalt", "smoothness": null, "width": null, "lanes": "2", "oneway": "no", "bridge": null, "layer": null, "source": null, "adm0_pcode": "ZWE", "adm0_name": "Zimbabwe", "adm1_pcode": "ZW18", "adm1_name": "Masvingo", "adm2_pcode": "ZW1806", "adm2_name": "Mwenezi", "adm3_pcode": "ZW180613", "adm3_name": "13", "adm4_pcode": null, "adm4_name": null, "name_latin": "Harare-Beitbridge Highway" }, "geometry": { "type": "LineString", "coordinates": [ [ 30.7363987, -21.0799953 ], [ 30.7380375, -21.0823053 ], [ 30.7386839, -21.0832087 ], [ 30.739392, -21.0842423 ], [ 30.7407278, -21.0861118 ], [ 30.7430479, -21.0893701 ], [ 30.7435253, -21.0900258 ], [ 30.7441771, -21.0909718 ], [ 30.7446572, -21.0916199 ], [ 30.7450086, -21.0921555 ], [ 30.7453331, -21.092731 ], [ 30.7455718, -21.093179 ], [ 30.7457864, -21.0936494 ], [ 30.7459581, -21.0941199 ], [ 30.7461324, -21.0946379 ], [ 30.7462665, -21.0951184 ], [ 30.7463765, -21.0955864 ], [ 30.7464543, -21.0960143 ], [ 30.7465133, -21.0964672 ], [ 30.7465535, -21.0969277 ], [ 30.7465911, -21.0974832 ], [ 30.7467306, -21.1003334 ], [ 30.746811, -21.1021176 ], [ 30.74698, -21.1056208 ], [ 30.7469988, -21.1060287 ], [ 30.7470149, -21.1065692 ], [ 30.7470417, -21.1071172 ], [ 30.7470766, -21.1077077 ], [ 30.7471973, -21.1102275 ], [ 30.7473743, -21.1140433 ], [ 30.7474226, -21.1148865 ], [ 30.7474601, -21.1156997 ], [ 30.7474574, -21.1162201 ], [ 30.7474467, -21.1165979 ], [ 30.7474118, -21.1170433 ], [ 30.7473662, -21.1174812 ], [ 30.7473072, -21.1179266 ], [ 30.7472509, -21.1182493 ], [ 30.7471409, -21.1187672 ], [ 30.7470337, -21.1191976 ], [ 30.7469049, -21.1196079 ], [ 30.7467601, -21.1200358 ], [ 30.7466045, -21.1204336 ], [ 30.7464087, -21.1209115 ], [ 30.7459983, -21.1217672 ], [ 30.7453385, -21.1231758 ], [ 30.7450381, -21.1238213 ], [ 30.7443997, -21.1251574 ], [ 30.7438204, -21.1263983 ], [ 30.7431364, -21.127872 ], [ 30.7424498, -21.1293005 ], [ 30.74168, -21.1309493 ], [ 30.7414654, -21.1314071 ], [ 30.7412347, -21.1319775 ], [ 30.7410711, -21.1324904 ], [ 30.7409424, -21.1329908 ], [ 30.7408431, -21.1334636 ], [ 30.7407841, -21.1338689 ], [ 30.7407271, -21.134308 ], [ 30.740701, -21.134722 ], [ 30.7406983, -21.1353625 ], [ 30.7407278, -21.1358228 ], [ 30.7407653, -21.1362431 ], [ 30.7409021, -21.1369861 ], [ 30.7410242, -21.1375581 ] ] } },
{ "type": "Feature", "properties": { "id": "way/108013972", "name": "Harare-Beitbridge Highway", "name_en": null, "name_sn": null, "name_nd": null, "highway": "trunk", "surface": "asphalt", "smoothness": null, "width": null, "lanes": "2", "oneway": "no", "bridge": null, "layer": null, "source": null, "adm0_pcode": "ZWE", "adm0_name": "Zimbabwe", "adm1_pcode": "ZW18", "adm1_name": "Masvingo", "adm2_pcode": "ZW1806", "adm2_name": "Mwenezi", "adm3_pcode": "ZW180613", "adm3_name": "13", "adm4_pcode": null, "adm4_name": null, "name_latin": "Harare-Beitbridge Highway" }, "geometry": { "type": "LineString", "coordinates": [ [ 30.7430801, -21.1522986 ], [ 30.7422379, -21.1570338 ], [ 30.7420903, -21.1578918 ], [ 30.7419348, -21.1588098 ], [ 30.7416397, -21.1605132 ], [ 30.7412454, -21.1627144 ], [ 30.7404971, -21.1669916 ], [ 30.7400385, -21.1695754 ], [ 30.7391587, -21.1745502 ], [ 30.7388675, -21.1763156 ], [ 30.7387215, -21.1772489 ], [ 30.7386786, -21.1777166 ], [ 30.7386437, -21.1782543 ], [ 30.7386222, -21.1788771 ], [ 30.7386088, -21.1794698 ], [ 30.7386115, -21.179975 ], [ 30.7386222, -21.1804452 ], [ 30.7386678, -21.1809904 ], [ 30.7387215, -21.1815431 ], [ 30.7387885, -21.1820959 ], [ 30.738861, -21.1825335 ], [ 30.7389039, -21.1828662 ], [ 30.7389387, -21.1832663 ], [ 30.7390112, -21.183744 ], [ 30.7392526, -21.1852521 ], [ 30.7394028, -21.1861224 ], [ 30.7395449, -21.1869777 ], [ 30.73962, -21.1875379 ], [ 30.7397327, -21.1881881 ], [ 30.7398936, -21.1889834 ], [ 30.7399982, -21.1896211 ], [ 30.7400733, -21.1902889 ], [ 30.7401457, -21.1913155 ], [ 30.7401565, -21.1914018 ], [ 30.7401672, -21.1918069 ], [ 30.7401699, -21.192292 ], [ 30.7401752, -21.1929923 ], [ 30.7401484, -21.1940226 ], [ 30.7401139, -21.1947317 ], [ 30.7397434, -21.2018699 ], [ 30.7396924, -21.2027251 ], [ 30.739671, -21.2030652 ], [ 30.7395959, -21.2045856 ], [ 30.7394028, -21.2081089 ], [ 30.7392794, -21.2105444 ], [ 30.7390472, -21.2151925 ], [ 30.7389656, -21.216343 ], [ 30.73892, -21.2170156 ], [ 30.7388583, -21.2176932 ], [ 30.7387966, -21.2182483 ], [ 30.7386786, -21.2189934 ], [ 30.7385525, -21.219711 ], [ 30.7384506, -21.2202235 ], [ 30.7382923, -21.2209286 ], [ 30.7380724, -21.2217712 ], [ 30.7378229, -21.2226339 ], [ 30.7374474, -21.2237765 ], [ 30.7372999, -21.224189 ], [ 30.7367045, -21.2258992 ], [ 30.7365677, -21.2263368 ], [ 30.7363531, -21.2269693 ], [ 30.7361519, -21.2275794 ], [ 30.7356289, -21.2291445 ], [ 30.7347599, -21.2316922 ], [ 30.7345641, -21.2322572 ], [ 30.7342744, -21.2331248 ] ] } },
{ "type": "Feature", "properties": { "id": "way/215856505", "name": "Harare-Beitbridge Highway", "name_en": null, "name_sn": null, "name_nd": null, "highway": "trunk", "surface": "asphalt", "smoothness": null, "width": null, "lanes": "2", "oneway": "no", "bridge": null, "layer": null, "source": null, "adm0_pcode": "ZWE", "adm0_name": "Zimbabwe", "adm1_pcode": "ZW18", "adm1_name": "Masvingo", "adm2_pcode": "ZW1806", "adm2_name": "Mwenezi", "adm3_pcode": "ZW180614", "adm3_name": "14", "adm4_pcode": null, "adm4_name": null, "name_latin": "Harare-Beitbridge Highway" }, "geometry": { "type": "LineString", "coordinates": [ [ 30.7336882, -21.2445699 ], [ 30.7340212, -21.2465036 ], [ 30.734165, -21.2473036 ], [ 30.7343633, -21.2484141 ], [ 30.7346392, -21.2499621 ] ] } },
{ "type": "Feature", "properties": { "id": "way/1514506473", "name": "Harare-Beitbridge Highway", "name_en": null, "name_sn": null, "name_nd": null, "highway": "trunk", "surface": "asphalt", "smoothness": null, "width": null, "lanes": "2", "oneway": "yes", "bridge": null, "layer": null, "source": null, "adm0_pcode": "ZWE", "adm0_name": "Zimbabwe", "adm1_pcode": "ZW18", "adm1_name": "Masvingo", "adm2_pcode": "ZW1806", "adm2_name": "Mwenezi", "adm3_pcode": "ZW180614", "adm3_name": "14", "adm4_pcode": null, "adm4_name": null, "name_latin": "Harare-Beitbridge Highway" }, "geometry": { "type": "LineString", "coordinates": [ [ 30.7330482, -21.2366795 ], [ 30.7331265, -21.2363895 ], [ 30.733241, -21.236003 ], [ 30.7333648, -21.235631 ], [ 30.7338784, -21.2341198 ], [ 30.7342744, -21.2331248 ] ] } },
{ "type": "Feature", "properties": { "id": "way/1504449117", "name": "Harare-Beitbridge Highway", "name_en": null, "name_sn": null, "name_nd": null, "highway": "trunk", "surface": "asphalt", "smoothness": null, "width": null, "lanes": "2", "oneway": "yes", "bridge": null, "layer": null, "source": null, "adm0_pcode": "ZWE", "adm0_name": "Zimbabwe", "adm1_pcode": "ZW18", "adm1_name": "Masvingo", "adm2_pcode": "ZW1806", "adm2_name": "Mwenezi", "adm3_pcode": "ZW180614", "adm3_name": "14", "adm4_pcode": null, "adm4_name": null, "name_latin": "Harare-Beitbridge Highway" }, "geometry": { "type": "LineString", "coordinates": [ [ 30.7342744, -21.2331248 ], [ 30.7339681, -21.2341515 ], [ 30.7334978, -21.2355387 ], [ 30.7333957, -21.2358415 ], [ 30.733275, -21.2362251 ], [ 30.7332189, -21.2364214 ], [ 30.7331389, -21.2367009 ], [ 30.7330368, -21.2371191 ], [ 30.7329409, -21.2375632 ], [ 30.7329037, -21.2379093 ], [ 30.7328728, -21.2382842 ], [ 30.7328511, -21.2386879 ], [ 30.7328604, -21.2390715 ], [ 30.7328852, -21.239481 ], [ 30.7329285, -21.2398501 ], [ 30.7329966, -21.2403491 ], [ 30.7330785, -21.2407795 ] ] } },
{ "type": "Feature", "properties": { "id": "way/215856503", "name": "Harare-Beitbridge Highway", "name_en": null, "name_sn": null, "name_nd": null, "highway": "trunk", "surface": "asphalt", "smoothness": null, "width": null, "lanes": "2", "oneway": "no", "bridge": "yes", "layer": "1", "source": null, "adm0_pcode": "ZWE", "adm0_name": "Zimbabwe", "adm1_pcode": "ZW18", "adm1_name": "Masvingo", "adm2_pcode": "ZW1806", "adm2_name": "Mwenezi", "adm3_pcode": "ZW180614", "adm3_name": "14", "adm4_pcode": null, "adm4_name": null, "name_latin": "Harare-Beitbridge Highway" }, "geometry": { "type": "LineString", "coordinates": [ [ 30.7336646, -21.2444331 ], [ 30.7336882, -21.2445699 ] ] } },
{ "type": "Feature", "properties": { "id": "way/429452434", "name": "Harare-Beitbridge Highway", "name_en": null, "name_sn": null, "name_nd": null, "highway": "trunk", "surface": "asphalt", "smoothness": null, "width": null, "lanes": "2", "oneway": "no", "bridge": null, "layer": null, "source": null, "adm0_pcode": "ZWE", "adm0_name": "Zimbabwe", "adm1_pcode": "ZW18", "adm1_name": "Masvingo", "adm2_pcode": "ZW1806", "adm2_name": "Mwenezi", "adm3_pcode": "ZW180614", "adm3_name": "14", "adm4_pcode": null, "adm4_name": null, "name_latin": "Harare-Beitbridge Highway" }, "geometry": { "type": "LineString", "coordinates": [ [ 30.7332598, -21.2421855 ], [ 30.733374, -21.2428496 ], [ 30.7336646, -21.2444331 ] ] } },
{ "type": "Feature", "properties": { "id": "way/1514506477", "name": "Harare-Beitbridge Highway", "name_en": null, "name_sn": null, "name_nd": null, "highway": "trunk", "surface": "asphalt", "smoothness": null, "width": null, "lanes": "2", "oneway": "yes", "bridge": null, "layer": null, "source": null, "adm0_pcode": "ZWE", "adm0_name": "Zimbabwe", "adm1_pcode": "ZW18", "adm1_name": "Masvingo", "adm2_pcode": "ZW1806", "adm2_name": "Mwenezi", "adm3_pcode": "ZW180614", "adm3_name": "14", "adm4_pcode": null, "adm4_name": null, "name_latin": "Harare-Beitbridge Highway" }, "geometry": { "type": "LineString", "coordinates": [ [ 30.7330785, -21.2407795 ], [ 30.7330887, -21.2408331 ], [ 30.7331079, -21.2409345 ], [ 30.7332598, -21.2421855 ] ] } },
{ "type": "Feature", "properties": { "id": "way/1504449118", "name": "Harare-Beitbridge Highway", "name_en": null, "name_sn": null, "name_nd": null, "highway": "trunk", "surface": "asphalt", "smoothness": null, "width": null, "lanes": "2", "oneway": "yes", "bridge": null, "layer": null, "source": null, "adm0_pcode": "ZWE", "adm0_name": "Zimbabwe", "adm1_pcode": "ZW18", "adm1_name": "Masvingo", "adm2_pcode": "ZW1806", "adm2_name": "Mwenezi", "adm3_pcode": "ZW180614", "adm3_name": "14", "adm4_pcode": null, "adm4_name": null, "name_latin": "Harare-Beitbridge Highway" }, "geometry": { "type": "LineString", "coordinates": [ [ 30.7329722, -21.2408559 ], [ 30.732959, -21.2407996 ], [ 30.7328852, -21.2404471 ], [ 30.7328326, -21.2401097 ], [ 30.7327862, -21.2397204 ], [ 30.7327552, -21.2394089 ], [ 30.7327367, -21.2390917 ], [ 30.7327305, -21.2387052 ], [ 30.7327552, -21.2382986 ], [ 30.7327924, -21.2378574 ], [ 30.7328604, -21.2374623 ], [ 30.7329347, -21.2371277 ], [ 30.7330151, -21.2368019 ], [ 30.7330482, -21.2366795 ] ] } },
{ "type": "Feature", "properties": { "id": "way/1514506475", "name": "Harare-Beitbridge Highway", "name_en": null, "name_sn": null, "name_nd": null, "highway": "trunk", "surface": "asphalt", "smoothness": null, "width": null, "lanes": "2", "oneway": "yes", "bridge": null, "layer": null, "source": null, "adm0_pcode": "ZWE", "adm0_name": "Zimbabwe", "adm1_pcode": "ZW18", "adm1_name": "Masvingo", "adm2_pcode": "ZW1806", "adm2_name": "Mwenezi", "adm3_pcode": "ZW180614", "adm3_name": "14", "adm4_pcode": null, "adm4_name": null, "name_latin": "Harare-Beitbridge Highway" }, "geometry": { "type": "LineString", "coordinates": [ [ 30.7332598, -21.2421855 ], [ 30.7329842, -21.2409201 ], [ 30.7329722, -21.2408559 ] ] } },
{ "type": "Feature", "properties": { "id": "way/585455918", "name": "Harare-Beitbridge Highway", "name_en": null, "name_sn": null, "name_nd": null, "highway": "trunk", "surface": "asphalt", "smoothness": null, "width": null, "lanes": "2", "oneway": "no", "bridge": "yes", "layer": "1", "source": null, "adm0_pcode": "ZWE", "adm0_name": "Zimbabwe", "adm1_pcode": "ZW18", "adm1_name": "Masvingo", "adm2_pcode": "ZW1806", "adm2_name": "Mwenezi", "adm3_pcode": "ZW180614", "adm3_name": "14", "adm4_pcode": null, "adm4_name": null, "name_latin": "Harare-Beitbridge Highway" }, "geometry": { "type": "LineString", "coordinates": [ [ 30.735767, -21.3358141 ], [ 30.7357892, -21.3360764 ] ] } },
{ "type": "Feature", "properties": { "id": "way/429452433", "name": "Harare-Beitbridge Highway", "name_en": null, "name_sn": null, "name_nd": null, "highway": "trunk", "surface": "asphalt", "smoothness": null, "width": null, "lanes": "2", "oneway": "no", "bridge": null, "layer": null, "source": null, "adm0_pcode": "ZWE", "adm0_name": "Zimbabwe", "adm1_pcode": "ZW18", "adm1_name": "Masvingo", "adm2_pcode": "ZW1806", "adm2_name": "Mwenezi", "adm3_pcode": "ZW180614", "adm3_name": "14", "adm4_pcode": null, "adm4_name": null, "name_latin": "Harare-Beitbridge Highway" }, "geometry": { "type": "LineString", "coordinates": [ [ 30.7346392, -21.2499621 ], [ 30.7349074, -21.251452 ], [ 30.7351407, -21.2527594 ], [ 30.7353875, -21.2540668 ], [ 30.7356111, -21.2553027 ], [ 30.7357362, -21.2560191 ], [ 30.73594, -21.2571315 ], [ 30.7360661, -21.2578364 ], [ 30.7361492, -21.2584339 ], [ 30.7362136, -21.2589838 ], [ 30.7362592, -21.2594637 ], [ 30.7363102, -21.2601386 ], [ 30.736329, -21.2607211 ], [ 30.7363397, -21.261256 ], [ 30.736329, -21.2616709 ], [ 30.7363048, -21.2621909 ], [ 30.7362673, -21.2627108 ], [ 30.7362163, -21.2632794 ], [ 30.7361734, -21.2636819 ], [ 30.7361479, -21.2639518 ], [ 30.7361345, -21.2641768 ], [ 30.7360969, -21.2646242 ], [ 30.7360621, -21.2649742 ], [ 30.7360192, -21.2653154 ], [ 30.7359669, -21.2658153 ], [ 30.7359052, -21.2663152 ], [ 30.7358529, -21.2668014 ], [ 30.7358073, -21.2672413 ], [ 30.7357563, -21.2676774 ], [ 30.735696, -21.2681174 ], [ 30.735641, -21.268636 ], [ 30.7355873, -21.2690872 ], [ 30.7355256, -21.2696108 ], [ 30.7354653, -21.2701157 ], [ 30.7354157, -21.2705544 ], [ 30.7353808, -21.2709006 ], [ 30.7353392, -21.2712555 ], [ 30.7352883, -21.2717042 ], [ 30.7352252, -21.2722265 ], [ 30.735181, -21.2726202 ], [ 30.7351233, -21.2731176 ], [ 30.7350737, -21.2735637 ], [ 30.7350509, -21.2737912 ], [ 30.7349677, -21.2745035 ], [ 30.7349087, -21.2750734 ], [ 30.7348497, -21.2755658 ], [ 30.7347907, -21.2760569 ], [ 30.7347062, -21.2767805 ], [ 30.7346418, -21.2773641 ], [ 30.7345828, -21.2778302 ], [ 30.7345319, -21.2782201 ], [ 30.7344796, -21.2786725 ], [ 30.7344514, -21.2789387 ], [ 30.7344031, -21.2793548 ], [ 30.7343441, -21.2798535 ], [ 30.7342717, -21.2804908 ], [ 30.7342221, -21.2810244 ], [ 30.7341872, -21.2814918 ], [ 30.7341617, -21.2819979 ], [ 30.7341483, -21.2823878 ], [ 30.7341443, -21.2827364 ], [ 30.734143, -21.2834037 ], [ 30.7341631, -21.2840723 ], [ 30.7342288, -21.2852857 ], [ 30.7342784, -21.2858217 ], [ 30.7343428, -21.2863753 ], [ 30.7343897, -21.2868052 ], [ 30.7344407, -21.2872613 ], [ 30.7344957, -21.2877086 ], [ 30.7345332, -21.2880773 ], [ 30.7346284, -21.2888245 ], [ 30.734721, -21.2896218 ], [ 30.7348055, -21.290354 ], [ 30.7348832, -21.2910725 ], [ 30.7349329, -21.2915199 ], [ 30.735012, -21.2921846 ], [ 30.7351662, -21.2936454 ], [ 30.7352306, -21.2942452 ], [ 30.7352936, -21.2948174 ], [ 30.7353567, -21.2953847 ], [ 30.7354183, -21.2959208 ], [ 30.7354774, -21.2964543 ], [ 30.7355256, -21.2968617 ], [ 30.7355578, -21.2971253 ], [ 30.7355994, -21.2974839 ], [ 30.7356289, -21.2977676 ], [ 30.7356544, -21.29801 ], [ 30.7356906, -21.2982349 ], [ 30.7357161, -21.2984761 ], [ 30.7357617, -21.2989146 ], [ 30.7357992, -21.2993869 ], [ 30.7358287, -21.2997855 ], [ 30.7358448, -21.3001129 ], [ 30.7358555, -21.3004828 ], [ 30.7358609, -21.3009538 ], [ 30.7358663, -21.3012849 ], [ 30.7358676, -21.3016148 ], [ 30.7358555, -21.3020559 ], [ 30.7358502, -21.3022395 ], [ 30.7358462, -21.3024344 ], [ 30.7358301, -21.3027493 ], [ 30.735814, -21.3030242 ], [ 30.7357885, -21.3033316 ], [ 30.7357644, -21.3035952 ], [ 30.7357416, -21.3038451 ], [ 30.7357094, -21.30412 ], [ 30.7356839, -21.3043324 ], [ 30.7356316, -21.3046572 ], [ 30.7355806, -21.3050296 ], [ 30.7355216, -21.3054282 ], [ 30.735476, -21.3057693 ], [ 30.7354452, -21.3060504 ], [ 30.7353996, -21.3063927 ], [ 30.7353473, -21.3067701 ], [ 30.7353097, -21.3070699 ], [ 30.7352668, -21.3073785 ], [ 30.7352252, -21.3076609 ], [ 30.7351743, -21.3080157 ], [ 30.7351407, -21.3083256 ], [ 30.7350911, -21.3086829 ], [ 30.7350375, -21.3090528 ], [ 30.7349664, -21.3095525 ], [ 30.7348873, -21.3101335 ], [ 30.7348269, -21.3105908 ], [ 30.73478, -21.3109506 ], [ 30.734725, -21.3113667 ], [ 30.734666, -21.311799 ], [ 30.7346003, -21.3123112 ], [ 30.7345399, -21.3127685 ], [ 30.7344769, -21.313207 ], [ 30.7343978, -21.3137855 ], [ 30.7343468, -21.3142078 ], [ 30.7343079, -21.3145926 ], [ 30.7342865, -21.3149362 ], [ 30.7342529, -21.3153347 ], [ 30.7342395, -21.3156883 ], [ 30.7342221, -21.3160144 ], [ 30.73421, -21.3165203 ], [ 30.734206, -21.3168664 ], [ 30.7342087, -21.3171425 ], [ 30.7342087, -21.3174761 ], [ 30.7342167, -21.3177784 ], [ 30.7342342, -21.3181495 ], [ 30.7343401, -21.319545 ], [ 30.7343991, -21.3202346 ], [ 30.7344809, -21.3210942 ], [ 30.7351796, -21.3291033 ], [ 30.7352172, -21.329578 ], [ 30.7352748, -21.3302301 ], [ 30.735303, -21.3305462 ], [ 30.7353486, -21.3310234 ], [ 30.7353969, -21.3315868 ], [ 30.7354385, -21.3321115 ], [ 30.7355189, -21.3330009 ], [ 30.7355766, -21.3336917 ], [ 30.735767, -21.3358141 ] ] } },
{ "type": "Feature", "properties": { "id": "way/585455917", "name": "Harare-Beitbridge Highway", "name_en": null, "name_sn": null, "name_nd": null, "highway": "trunk", "surface": "asphalt", "smoothness": null, "width": null, "lanes": "2", "oneway": "no", "bridge": null, "layer": null, "source": null, "adm0_pcode": "ZWE", "adm0_name": "Zimbabwe", "adm1_pcode": "ZW18", "adm1_name": "Masvingo", "adm2_pcode": "ZW1806", "adm2_name": "Mwenezi", "adm3_pcode": "ZW180614", "adm3_name": "14", "adm4_pcode": null, "adm4_name": null, "name_latin": "Harare-Beitbridge Highway" }, "geometry": { "type": "LineString", "coordinates": [ [ 30.7357892, -21.3360764 ], [ 30.7358545, -21.3367876 ], [ 30.7358841, -21.3371103 ], [ 30.7359186, -21.3374855 ], [ 30.7359234, -21.337543 ], [ 30.7359426, -21.3377712 ], [ 30.7360061, -21.3385261 ], [ 30.7365596, -21.3448617 ], [ 30.7366347, -21.3457024 ], [ 30.7366803, -21.3462545 ], [ 30.7367313, -21.346879 ], [ 30.7367715, -21.3474461 ], [ 30.7367769, -21.3480032 ], [ 30.7367568, -21.3484479 ], [ 30.7367206, -21.3488338 ], [ 30.7366709, -21.3492148 ], [ 30.7366133, -21.349582 ], [ 30.7365274, -21.3500542 ], [ 30.7364014, -21.3505163 ], [ 30.7362753, -21.350951 ], [ 30.7361224, -21.3513707 ], [ 30.7359666, -21.3517778 ], [ 30.7358435, -21.3520527 ], [ 30.7356369, -21.3524824 ], [ 30.7353419, -21.3530444 ], [ 30.7348672, -21.3539587 ], [ 30.7344407, -21.3548181 ], [ 30.7339284, -21.3558298 ], [ 30.7332836, -21.3570716 ], [ 30.7323083, -21.3589773 ], [ 30.7315627, -21.3603936 ], [ 30.7310772, -21.3613528 ], [ 30.7305354, -21.362407 ], [ 30.7298192, -21.3637883 ], [ 30.728977, -21.3654194 ], [ 30.7283092, -21.3667008 ], [ 30.7276118, -21.3680447 ], [ 30.7269332, -21.369361 ], [ 30.7266006, -21.3700279 ], [ 30.7263029, -21.3705949 ], [ 30.7259703, -21.3712219 ], [ 30.7256806, -21.3717939 ], [ 30.7252836, -21.3726181 ], [ 30.725069, -21.3731202 ], [ 30.7248545, -21.3736422 ], [ 30.7246855, -21.3740743 ], [ 30.7245165, -21.3745264 ], [ 30.7243502, -21.3749985 ], [ 30.7241759, -21.375518 ], [ 30.7239908, -21.3761175 ], [ 30.7238004, -21.3767893 ], [ 30.7236636, -21.3773588 ], [ 30.7235482, -21.3778683 ], [ 30.7232344, -21.3793519 ], [ 30.7224217, -21.3831783 ], [ 30.7217136, -21.3865125 ], [ 30.7213998, -21.3879386 ], [ 30.7211986, -21.3888901 ], [ 30.7207963, -21.3908007 ], [ 30.7203414, -21.3928567 ] ] } },
{ "type": "Feature", "properties": { "id": "way/1533716384", "name": "Harare-Beitbridge Highway", "name_en": null, "name_sn": null, "name_nd": null, "highway": "trunk", "surface": null, "smoothness": null, "width": null, "lanes": "2", "oneway": null, "bridge": null, "layer": null, "source": null, "adm0_pcode": "ZWE", "adm0_name": "Zimbabwe", "adm1_pcode": "ZW18", "adm1_name": "Masvingo", "adm2_pcode": "ZW1806", "adm2_name": "Mwenezi", "adm3_pcode": "ZW180616", "adm3_name": "16", "adm4_pcode": null, "adm4_name": null, "name_latin": "Harare-Beitbridge Highway" }, "geometry": { "type": "LineString", "coordinates": [ [ 30.6968294, -21.4140001 ], [ 30.6974731, -21.4134495 ] ] } },
{ "type": "Feature", "properties": { "id": "way/1504449110", "name": "Harare-Beitbridge Highway", "name_en": null, "name_sn": null, "name_nd": null, "highway": "trunk", "surface": null, "smoothness": null, "width": null, "lanes": "2", "oneway": "no", "bridge": "yes", "layer": "1", "source": null, "adm0_pcode": "ZWE", "adm0_name": "Zimbabwe", "adm1_pcode": "ZW18", "adm1_name": "Masvingo", "adm2_pcode": "ZW1806", "adm2_name": "Mwenezi", "adm3_pcode": "ZW180616", "adm3_name": "16", "adm4_pcode": null, "adm4_name": null, "name_latin": "Harare-Beitbridge Highway" }, "geometry": { "type": "LineString", "coordinates": [ [ 30.6962882, -21.4144776 ], [ 30.6968294, -21.4140001 ] ] } },
{ "type": "Feature", "properties": { "id": "way/668789468", "name": "Harare-Beitbridge Highway", "name_en": null, "name_sn": null, "name_nd": null, "highway": "trunk", "surface": "asphalt", "smoothness": null, "width": null, "lanes": "2", "oneway": "no", "bridge": null, "layer": null, "source": null, "adm0_pcode": "ZWE", "adm0_name": "Zimbabwe", "adm1_pcode": "ZW18", "adm1_name": "Masvingo", "adm2_pcode": "ZW1806", "adm2_name": "Mwenezi", "adm3_pcode": "ZW180616", "adm3_name": "16", "adm4_pcode": null, "adm4_name": null, "name_latin": "Harare-Beitbridge Highway" }, "geometry": { "type": "LineString", "coordinates": [ [ 30.6389017, -21.4914317 ], [ 30.6408571, -21.4887225 ], [ 30.6416483, -21.4876169 ], [ 30.6431893, -21.485483 ], [ 30.643656, -21.4848241 ], [ 30.6441736, -21.4841003 ], [ 30.6445049, -21.4836373 ], [ 30.64504, -21.4828973 ], [ 30.6455737, -21.4821548 ], [ 30.6459761, -21.4816157 ], [ 30.6462403, -21.481235 ], [ 30.6467512, -21.4805237 ], [ 30.6472823, -21.4797799 ], [ 30.6478952, -21.4789138 ], [ 30.6483713, -21.4782474 ], [ 30.6489801, -21.477415 ], [ 30.6496118, -21.4765464 ], [ 30.6500396, -21.4759611 ], [ 30.6506968, -21.4750426 ], [ 30.6511393, -21.4743986 ], [ 30.6517039, -21.4736124 ], [ 30.6518863, -21.4733603 ], [ 30.6520513, -21.4731294 ], [ 30.6523262, -21.472755 ], [ 30.6533548, -21.4713198 ], [ 30.6548984, -21.4691706 ], [ 30.6554456, -21.4684081 ], [ 30.6559324, -21.4677329 ], [ 30.6563911, -21.4670989 ], [ 30.6568457, -21.4664548 ], [ 30.657358, -21.4657409 ], [ 30.6576021, -21.465394 ], [ 30.6583625, -21.4643306 ], [ 30.659029, -21.4634058 ], [ 30.6593107, -21.4630151 ], [ 30.6598645, -21.4622326 ], [ 30.6603594, -21.4615398 ], [ 30.6611627, -21.460429 ], [ 30.6615476, -21.4598811 ], [ 30.6626809, -21.4583222 ], [ 30.6640793, -21.4564094 ], [ 30.6659921, -21.45387 ], [ 30.6698705, -21.4487124 ], [ 30.6701884, -21.448308 ], [ 30.670588, -21.4477587 ], [ 30.6710145, -21.4471895 ], [ 30.6714168, -21.4466503 ], [ 30.6720605, -21.445814 ], [ 30.6731951, -21.4442961 ], [ 30.6737624, -21.4435484 ], [ 30.6741849, -21.4429767 ], [ 30.6745738, -21.4424536 ], [ 30.6749077, -21.4420192 ], [ 30.6753127, -21.4414775 ], [ 30.6758076, -21.4408134 ], [ 30.676222, -21.4402641 ], [ 30.6766739, -21.4396737 ], [ 30.6772117, -21.4389384 ], [ 30.6776986, -21.4382981 ], [ 30.6781961, -21.4376365 ], [ 30.6784509, -21.4372857 ], [ 30.6787017, -21.4369599 ], [ 30.6789458, -21.4366378 ], [ 30.679269, -21.4362171 ], [ 30.6795238, -21.4358825 ], [ 30.6799851, -21.4352534 ], [ 30.6802534, -21.4348839 ], [ 30.6805994, -21.434397 ], [ 30.6809507, -21.4339114 ], [ 30.6811532, -21.4336218 ], [ 30.6814268, -21.4332548 ], [ 30.6817044, -21.432859 ], [ 30.6819217, -21.4325482 ], [ 30.6821939, -21.4321537 ], [ 30.6824863, -21.4317205 ], [ 30.682831, -21.4312349 ], [ 30.6829476, -21.4310576 ], [ 30.6832963, -21.4305745 ], [ 30.6837979, -21.4298604 ], [ 30.6846642, -21.4286083 ], [ 30.6849459, -21.4282138 ], [ 30.6852651, -21.4277482 ], [ 30.6856808, -21.4271627 ], [ 30.6859128, -21.4268343 ], [ 30.6862092, -21.4264099 ], [ 30.6867068, -21.4256983 ], [ 30.6871909, -21.4249991 ], [ 30.6876844, -21.4242913 ], [ 30.688182, -21.4235822 ], [ 30.6886969, -21.4228368 ], [ 30.6889276, -21.4225048 ], [ 30.6891972, -21.422124 ], [ 30.689389, -21.4218443 ], [ 30.689562, -21.4215984 ], [ 30.689747, -21.4213424 ], [ 30.6899804, -21.4210079 ], [ 30.6901695, -21.4207444 ], [ 30.6903438, -21.4204835 ], [ 30.6908172, -21.4198031 ], [ 30.6911391, -21.4193474 ], [ 30.6913657, -21.4190353 ], [ 30.6915562, -21.4188006 ], [ 30.6917453, -21.4185758 ], [ 30.6918874, -21.4184135 ], [ 30.6920618, -21.4182387 ], [ 30.692279, -21.4180253 ], [ 30.6928839, -21.4174884 ], [ 30.6934512, -21.4169815 ], [ 30.6940064, -21.4165008 ], [ 30.6946327, -21.4159665 ], [ 30.6951463, -21.4155195 ], [ 30.695664, -21.4150588 ], [ 30.6959228, -21.4148203 ], [ 30.6962882, -21.4144776 ] ] } },
{ "type": "Feature", "properties": { "id": "way/1533716383", "name": "Harare-Beitbridge Highway", "name_en": null, "name_sn": null, "name_nd": null, "highway": "trunk", "surface": null, "smoothness": null, "width": null, "lanes": "3", "oneway": null, "bridge": null, "layer": null, "source": null, "adm0_pcode": "ZWE", "adm0_name": "Zimbabwe", "adm1_pcode": "ZW18", "adm1_name": "Masvingo", "adm2_pcode": "ZW1806", "adm2_name": "Mwenezi", "adm3_pcode": "ZW180616", "adm3_name": "16", "adm4_pcode": null, "adm4_name": null, "name_latin": "Harare-Beitbridge Highway" }, "geometry": { "type": "LineString", "coordinates": [ [ 30.6974731, -21.4134495 ], [ 30.6985255, -21.4125287 ] ] } },
{ "type": "Feature", "properties": { "id": "way/1533716382", "name": "Harare-Beitbridge Highway", "name_en": null, "name_sn": null, "name_nd": null, "highway": "trunk", "surface": "asphalt", "smoothness": null, "width": null, "lanes": "2", "oneway": "no", "bridge": null, "layer": null, "source": null, "adm0_pcode": "ZWE", "adm0_name": "Zimbabwe", "adm1_pcode": "ZW18", "adm1_name": "Masvingo", "adm2_pcode": "ZW1806", "adm2_name": "Mwenezi", "adm3_pcode": "ZW180616", "adm3_name": "16", "adm4_pcode": null, "adm4_name": null, "name_latin": "Harare-Beitbridge Highway" }, "geometry": { "type": "LineString", "coordinates": [ [ 30.6985255, -21.4125287 ], [ 30.6990856, -21.4120622 ] ] } },
{ "type": "Feature", "properties": { "id": "way/1533716379", "name": "Harare-Beitbridge Highway", "name_en": null, "name_sn": null, "name_nd": null, "highway": "trunk", "surface": "asphalt", "smoothness": null, "width": null, "lanes": "4", "oneway": "no", "bridge": null, "layer": null, "source": null, "adm0_pcode": "ZWE", "adm0_name": "Zimbabwe", "adm1_pcode": "ZW18", "adm1_name": "Masvingo", "adm2_pcode": "ZW1806", "adm2_name": "Mwenezi", "adm3_pcode": "ZW180616", "adm3_name": "16", "adm4_pcode": null, "adm4_name": null, "name_latin": "Harare-Beitbridge Highway" }, "geometry": { "type": "LineString", "coordinates": [ [ 30.6990856, -21.4120622 ], [ 30.6993239, -21.411905 ], [ 30.699637, -21.4117223 ] ] } },
{ "type": "Feature", "properties": { "id": "way/452737484", "name": "Harare-Beitbridge Highway", "name_en": null, "name_sn": null, "name_nd": null, "highway": "trunk", "surface": "asphalt", "smoothness": null, "width": null, "lanes": "4", "oneway": "no", "bridge": null, "layer": null, "source": null, "adm0_pcode": "ZWE", "adm0_name": "Zimbabwe", "adm1_pcode": "ZW18", "adm1_name": "Masvingo", "adm2_pcode": "ZW1806", "adm2_name": "Mwenezi", "adm3_pcode": "ZW180616", "adm3_name": "16", "adm4_pcode": null, "adm4_name": null, "name_latin": "Harare-Beitbridge Highway" }, "geometry": { "type": "LineString", "coordinates": [ [ 30.699637, -21.4117223 ], [ 30.6998751, -21.4115954 ], [ 30.7002144, -21.4114406 ], [ 30.70039, -21.4113731 ] ] } },
{ "type": "Feature", "properties": { "id": "way/1533716381", "name": "Harare-Beitbridge Highway", "name_en": null, "name_sn": null, "name_nd": null, "highway": "trunk", "surface": "asphalt", "smoothness": null, "width": null, "lanes": "3", "oneway": null, "bridge": null, "layer": null, "source": null, "adm0_pcode": "ZWE", "adm0_name": "Zimbabwe", "adm1_pcode": "ZW18", "adm1_name": "Masvingo", "adm2_pcode": "ZW1806", "adm2_name": "Mwenezi", "adm3_pcode": "ZW180616", "adm3_name": "16", "adm4_pcode": null, "adm4_name": null, "name_latin": "Harare-Beitbridge Highway" }, "geometry": { "type": "LineString", "coordinates": [ [ 30.70039, -21.4113731 ], [ 30.7006596, -21.4112745 ], [ 30.7009238, -21.4111984 ], [ 30.7012832, -21.4111122 ], [ 30.7016145, -21.411046 ], [ 30.7020713, -21.4109784 ], [ 30.7021563, -21.4109686 ] ] } },
{ "type": "Feature", "properties": { "id": "way/1504449112", "name": "Harare-Beitbridge Highway", "name_en": null, "name_sn": null, "name_nd": null, "highway": "trunk", "surface": "asphalt", "smoothness": null, "width": null, "lanes": "2", "oneway": "no", "bridge": "yes", "layer": "1", "source": null, "adm0_pcode": "ZWE", "adm0_name": "Zimbabwe", "adm1_pcode": "ZW18", "adm1_name": "Masvingo", "adm2_pcode": "ZW1806", "adm2_name": "Mwenezi", "adm3_pcode": "ZW180616", "adm3_name": "16", "adm4_pcode": null, "adm4_name": null, "name_latin": "Harare-Beitbridge Highway" }, "geometry": { "type": "LineString", "coordinates": [ [ 30.7046732, -21.4107303 ], [ 30.7063459, -21.4105624 ] ] } },
{ "type": "Feature", "properties": { "id": "way/1533716380", "name": "Harare-Beitbridge Highway", "name_en": null, "name_sn": null, "name_nd": null, "highway": "trunk", "surface": "asphalt", "smoothness": null, "width": null, "lanes": "2", "oneway": "no", "bridge": null, "layer": null, "source": null, "adm0_pcode": "ZWE", "adm0_name": "Zimbabwe", "adm1_pcode": "ZW18", "adm1_name": "Masvingo", "adm2_pcode": "ZW1806", "adm2_name": "Mwenezi", "adm3_pcode": "ZW180616", "adm3_name": "16", "adm4_pcode": null, "adm4_name": null, "name_latin": "Harare-Beitbridge Highway" }, "geometry": { "type": "LineString", "coordinates": [ [ 30.7021563, -21.4109686 ], [ 30.7030049, -21.4108836 ], [ 30.7046732, -21.4107303 ] ] } },
{ "type": "Feature", "properties": { "id": "way/1504449113", "name": "Harare-Beitbridge Highway", "name_en": null, "name_sn": null, "name_nd": null, "highway": "trunk", "surface": "asphalt", "smoothness": null, "width": null, "lanes": "2", "oneway": "no", "bridge": null, "layer": null, "source": null, "adm0_pcode": "ZWE", "adm0_name": "Zimbabwe", "adm1_pcode": "ZW18", "adm1_name": "Masvingo", "adm2_pcode": "ZW1806", "adm2_name": "Mwenezi", "adm3_pcode": "ZW180614", "adm3_name": "14", "adm4_pcode": null, "adm4_name": null, "name_latin": "Harare-Beitbridge Highway" }, "geometry": { "type": "LineString", "coordinates": [ [ 30.7063459, -21.4105624 ], [ 30.7073603, -21.410439 ], [ 30.7077352, -21.4103732 ], [ 30.7080959, -21.4102898 ], [ 30.7084354, -21.4101932 ], [ 30.7087773, -21.4100658 ], [ 30.7091216, -21.4099254 ], [ 30.7094965, -21.4097322 ], [ 30.7098337, -21.409539 ], [ 30.710185, -21.4092931 ], [ 30.7104797, -21.4090495 ], [ 30.7107603, -21.4087926 ], [ 30.7110527, -21.4084963 ], [ 30.7112908, -21.4082263 ], [ 30.7170278, -21.4016419 ], [ 30.7174799, -21.4010879 ], [ 30.7177894, -21.40068 ], [ 30.7180897, -21.4002349 ], [ 30.7183562, -21.3997813 ], [ 30.7185861, -21.3993591 ], [ 30.7187852, -21.3989625 ], [ 30.7189967, -21.3984718 ] ] } },
{ "type": "Feature", "properties": { "id": "way/1533716373", "name": "Harare-Beitbridge Highway", "name_en": null, "name_sn": null, "name_nd": null, "highway": "trunk", "surface": "asphalt", "smoothness": null, "width": null, "lanes": "3", "oneway": "no", "bridge": null, "layer": null, "source": null, "adm0_pcode": "ZWE", "adm0_name": "Zimbabwe", "adm1_pcode": "ZW18", "adm1_name": "Masvingo", "adm2_pcode": "ZW1806", "adm2_name": "Mwenezi", "adm3_pcode": "ZW180614", "adm3_name": "14", "adm4_pcode": null, "adm4_name": null, "name_latin": "Harare-Beitbridge Highway" }, "geometry": { "type": "LineString", "coordinates": [ [ 30.7189967, -21.3984718 ], [ 30.7192835, -21.3977109 ], [ 30.7193747, -21.3974062 ] ] } },
{ "type": "Feature", "properties": { "id": "way/1533716375", "name": "Harare-Beitbridge Highway", "name_en": null, "name_sn": null, "name_nd": null, "highway": "trunk", "surface": "asphalt", "smoothness": null, "width": null, "lanes": "4", "oneway": "no", "bridge": null, "layer": null, "source": null, "adm0_pcode": "ZWE", "adm0_name": "Zimbabwe", "adm1_pcode": "ZW18", "adm1_name": "Masvingo", "adm2_pcode": "ZW1806", "adm2_name": "Mwenezi", "adm3_pcode": "ZW180614", "adm3_name": "14", "adm4_pcode": null, "adm4_name": null, "name_latin": "Harare-Beitbridge Highway" }, "geometry": { "type": "LineString", "coordinates": [ [ 30.7193747, -21.3974062 ], [ 30.7195866, -21.3964423 ] ] } },
{ "type": "Feature", "properties": { "id": "way/1533716374", "name": "Harare-Beitbridge Highway", "name_en": null, "name_sn": null, "name_nd": null, "highway": "trunk", "surface": "asphalt", "smoothness": null, "width": null, "lanes": "3", "oneway": "no", "bridge": null, "layer": null, "source": null, "adm0_pcode": "ZWE", "adm0_name": "Zimbabwe", "adm1_pcode": "ZW18", "adm1_name": "Masvingo", "adm2_pcode": "ZW1806", "adm2_name": "Mwenezi", "adm3_pcode": "ZW180614", "adm3_name": "14", "adm4_pcode": null, "adm4_name": null, "name_latin": "Harare-Beitbridge Highway" }, "geometry": { "type": "LineString", "coordinates": [ [ 30.7195866, -21.3964423 ], [ 30.7197288, -21.3957605 ] ] } },
{ "type": "Feature", "properties": { "id": "way/1533716377", "name": "Harare-Beitbridge Highway", "name_en": null, "name_sn": null, "name_nd": null, "highway": "trunk", "surface": "asphalt", "smoothness": null, "width": null, "lanes": "4", "oneway": "no", "bridge": null, "layer": null, "source": null, "adm0_pcode": "ZWE", "adm0_name": "Zimbabwe", "adm1_pcode": "ZW18", "adm1_name": "Masvingo", "adm2_pcode": "ZW1806", "adm2_name": "Mwenezi", "adm3_pcode": "ZW180614", "adm3_name": "14", "adm4_pcode": null, "adm4_name": null, "name_latin": "Harare-Beitbridge Highway" }, "geometry": { "type": "LineString", "coordinates": [ [ 30.7197288, -21.3957605 ], [ 30.7198521, -21.3951911 ] ] } },
{ "type": "Feature", "properties": { "id": "way/1533716372", "name": "Harare-Beitbridge Highway", "name_en": null, "name_sn": null, "name_nd": null, "highway": "trunk", "surface": "asphalt", "smoothness": null, "width": null, "lanes": "4", "oneway": "no", "bridge": null, "layer": null, "source": null, "adm0_pcode": "ZWE", "adm0_name": "Zimbabwe", "adm1_pcode": "ZW18", "adm1_name": "Masvingo", "adm2_pcode": "ZW1806", "adm2_name": "Mwenezi", "adm3_pcode": "ZW180614", "adm3_name": "14", "adm4_pcode": null, "adm4_name": null, "name_latin": "Harare-Beitbridge Highway" }, "geometry": { "type": "LineString", "coordinates": [ [ 30.7198521, -21.3951911 ], [ 30.7199715, -21.3946215 ] ] } },
{ "type": "Feature", "properties": { "id": "way/1533716376", "name": "Harare-Beitbridge Highway", "name_en": null, "name_sn": null, "name_nd": null, "highway": "trunk", "surface": "asphalt", "smoothness": null, "width": null, "lanes": "3", "oneway": "no", "bridge": null, "layer": null, "source": null, "adm0_pcode": "ZWE", "adm0_name": "Zimbabwe", "adm1_pcode": "ZW18", "adm1_name": "Masvingo", "adm2_pcode": "ZW1806", "adm2_name": "Mwenezi", "adm3_pcode": "ZW180614", "adm3_name": "14", "adm4_pcode": null, "adm4_name": null, "name_latin": "Harare-Beitbridge Highway" }, "geometry": { "type": "LineString", "coordinates": [ [ 30.7199715, -21.3946215 ], [ 30.7200721, -21.3941197 ] ] } },
{ "type": "Feature", "properties": { "id": "way/1533716370", "name": "Harare-Beitbridge Highway", "name_en": null, "name_sn": null, "name_nd": null, "highway": "trunk", "surface": "asphalt", "smoothness": null, "width": null, "lanes": "3", "oneway": "no", "bridge": null, "layer": null, "source": null, "adm0_pcode": "ZWE", "adm0_name": "Zimbabwe", "adm1_pcode": "ZW18", "adm1_name": "Masvingo", "adm2_pcode": "ZW1806", "adm2_name": "Mwenezi", "adm3_pcode": "ZW180614", "adm3_name": "14", "adm4_pcode": null, "adm4_name": null, "name_latin": "Harare-Beitbridge Highway" }, "geometry": { "type": "LineString", "coordinates": [ [ 30.720119, -21.3938937 ], [ 30.7202464, -21.3932506 ] ] } },
{ "type": "Feature", "properties": { "id": "way/1533716371", "name": "Harare-Beitbridge Highway", "name_en": null, "name_sn": null, "name_nd": null, "highway": "trunk", "surface": "asphalt", "smoothness": null, "width": null, "lanes": "2", "oneway": "no", "bridge": null, "layer": null, "source": null, "adm0_pcode": "ZWE", "adm0_name": "Zimbabwe", "adm1_pcode": "ZW18", "adm1_name": "Masvingo", "adm2_pcode": "ZW1806", "adm2_name": "Mwenezi", "adm3_pcode": "ZW180614", "adm3_name": "14", "adm4_pcode": null, "adm4_name": null, "name_latin": "Harare-Beitbridge Highway" }, "geometry": { "type": "LineString", "coordinates": [ [ 30.7200721, -21.3941197 ], [ 30.720119, -21.3938937 ] ] } },
{ "type": "Feature", "properties": { "id": "way/1533716378", "name": "Harare-Beitbridge Highway", "name_en": null, "name_sn": null, "name_nd": null, "highway": "trunk", "surface": "asphalt", "smoothness": null, "width": null, "lanes": "2", "oneway": "no", "bridge": null, "layer": null, "source": null, "adm0_pcode": "ZWE", "adm0_name": "Zimbabwe", "adm1_pcode": "ZW18", "adm1_name": "Masvingo", "adm2_pcode": "ZW1806", "adm2_name": "Mwenezi", "adm3_pcode": "ZW180614", "adm3_name": "14", "adm4_pcode": null, "adm4_name": null, "name_latin": "Harare-Beitbridge Highway" }, "geometry": { "type": "LineString", "coordinates": [ [ 30.7202464, -21.3932506 ], [ 30.7203414, -21.3928567 ] ] } },
{ "type": "Feature", "properties": { "id": "way/668789469", "name": "Harare-Beitbridge Highway", "name_en": null, "name_sn": null, "name_nd": null, "highway": "trunk", "surface": "asphalt", "smoothness": null, "width": null, "lanes": "2", "oneway": "no", "bridge": "yes", "layer": "1", "source": null, "adm0_pcode": "ZWE", "adm0_name": "Zimbabwe", "adm1_pcode": "ZW18", "adm1_name": "Masvingo", "adm2_pcode": "ZW1806", "adm2_name": "Mwenezi", "adm3_pcode": "ZW180616", "adm3_name": "16", "adm4_pcode": null, "adm4_name": null, "name_latin": "Harare-Beitbridge Highway" }, "geometry": { "type": "LineString", "coordinates": [ [ 30.6387287, -21.4916725 ], [ 30.6389017, -21.4914317 ] ] } },
{ "type": "Feature", "properties": { "id": "way/338535649", "name": "Harare-Beitbridge Highway", "name_en": null, "name_sn": null, "name_nd": null, "highway": "trunk", "surface": "asphalt", "smoothness": null, "width": null, "lanes": "2", "oneway": "no", "bridge": null, "layer": null, "source": null, "adm0_pcode": "ZWE", "adm0_name": "Zimbabwe", "adm1_pcode": "ZW18", "adm1_name": "Masvingo", "adm2_pcode": "ZW1806", "adm2_name": "Mwenezi", "adm3_pcode": "ZW180616", "adm3_name": "16", "adm4_pcode": null, "adm4_name": null, "name_latin": "Harare-Beitbridge Highway" }, "geometry": { "type": "LineString", "coordinates": [ [ 30.4988631, -21.7078991 ], [ 30.4995355, -21.707232 ], [ 30.499701, -21.7070647 ], [ 30.5002221, -21.7064906 ], [ 30.5012253, -21.7054253 ], [ 30.5020943, -21.7044933 ], [ 30.5027595, -21.7037357 ], [ 30.5030867, -21.7033718 ], [ 30.5034167, -21.7029681 ], [ 30.5038941, -21.70237 ], [ 30.5041757, -21.7020261 ], [ 30.5084681, -21.6964822 ], [ 30.5091713, -21.6955958 ], [ 30.5124181, -21.6914268 ], [ 30.5142796, -21.6890542 ], [ 30.5156797, -21.6872547 ], [ 30.5179381, -21.6844034 ], [ 30.5206686, -21.6808841 ], [ 30.5233347, -21.6774694 ], [ 30.5260384, -21.6740148 ], [ 30.5279374, -21.671562 ], [ 30.529418, -21.6696477 ], [ 30.5302334, -21.6686307 ], [ 30.5313277, -21.6672597 ], [ 30.5317837, -21.6667163 ], [ 30.5325133, -21.6658538 ], [ 30.5334252, -21.6648318 ], [ 30.5341279, -21.6640441 ], [ 30.534836, -21.6632963 ], [ 30.5360109, -21.662025 ], [ 30.5371186, -21.6608459 ], [ 30.5380386, -21.6598338 ], [ 30.5386662, -21.6591682 ], [ 30.5394012, -21.658373 ], [ 30.544311, -21.6530552 ], [ 30.5448246, -21.6524848 ], [ 30.5453825, -21.651869 ], [ 30.5460504, -21.6510987 ], [ 30.5465037, -21.6505652 ], [ 30.547201, -21.6497574 ], [ 30.547826, -21.649012 ], [ 30.5483758, -21.6483589 ], [ 30.5498993, -21.646529 ], [ 30.5504331, -21.6459082 ], [ 30.55105, -21.6451728 ], [ 30.5515221, -21.6446243 ], [ 30.5519271, -21.6441331 ], [ 30.5523562, -21.6436221 ], [ 30.5527613, -21.6431309 ], [ 30.5531099, -21.642732 ], [ 30.5534962, -21.6422683 ], [ 30.5541292, -21.6415129 ], [ 30.5548775, -21.6406153 ], [ 30.5555803, -21.6397826 ], [ 30.5568597, -21.6382618 ], [ 30.5575168, -21.6374739 ], [ 30.5582571, -21.6366013 ], [ 30.5588847, -21.6358409 ], [ 30.5594131, -21.6352275 ], [ 30.5598342, -21.6347239 ], [ 30.5602312, -21.6342502 ], [ 30.5606309, -21.6337814 ], [ 30.5610412, -21.6332878 ], [ 30.561516, -21.6327243 ], [ 30.561929, -21.6322406 ], [ 30.5622616, -21.6318392 ], [ 30.562782, -21.6312308 ], [ 30.5631468, -21.630787 ], [ 30.5633908, -21.6304915 ], [ 30.5636725, -21.6301624 ], [ 30.5639367, -21.6298408 ], [ 30.5641995, -21.6295316 ], [ 30.5644718, -21.6292 ], [ 30.5646931, -21.6289332 ], [ 30.564905, -21.6286814 ], [ 30.565153, -21.6283859 ], [ 30.565377, -21.6281141 ], [ 30.565711, -21.6277301 ], [ 30.5685675, -21.6243279 ], [ 30.5699167, -21.6227184 ], [ 30.5707468, -21.6217397 ], [ 30.5710928, -21.6213295 ], [ 30.5713396, -21.6210278 ], [ 30.5718264, -21.6204381 ], [ 30.5723119, -21.6198658 ], [ 30.5728108, -21.6192724 ], [ 30.5731903, -21.618816 ], [ 30.5741157, -21.6177014 ], [ 30.5748063, -21.6168698 ], [ 30.5754246, -21.6160744 ], [ 30.575965, -21.6153425 ], [ 30.5761702, -21.6150558 ], [ 30.5764639, -21.6146219 ], [ 30.5772069, -21.6134686 ], [ 30.5775194, -21.6129898 ], [ 30.5777299, -21.6126369 ], [ 30.5785882, -21.6111794 ], [ 30.5790885, -21.6103216 ], [ 30.5793339, -21.6099126 ], [ 30.5796839, -21.6093216 ], [ 30.5801319, -21.6085548 ], [ 30.5805825, -21.6077905 ], [ 30.5813348, -21.6064975 ], [ 30.5816218, -21.6060212 ], [ 30.5820738, -21.6052531 ], [ 30.5826692, -21.6042431 ], [ 30.5829763, -21.6037219 ], [ 30.5833465, -21.6030897 ], [ 30.5836603, -21.6025735 ], [ 30.5840948, -21.6018204 ], [ 30.5844864, -21.6011358 ], [ 30.5847654, -21.6006446 ], [ 30.5849813, -21.6002381 ], [ 30.585334, -21.5996009 ], [ 30.5856277, -21.5990335 ], [ 30.58579, -21.5987106 ], [ 30.5864619, -21.5973277 ], [ 30.5866952, -21.5968252 ], [ 30.5869313, -21.5963027 ], [ 30.587237, -21.5956081 ], [ 30.5873832, -21.5952577 ], [ 30.5876112, -21.5947403 ], [ 30.5877829, -21.594345 ], [ 30.5879103, -21.5940457 ], [ 30.5880256, -21.5937975 ], [ 30.5885071, -21.5926902 ], [ 30.5886747, -21.5923124 ], [ 30.5893707, -21.5907549 ], [ 30.5897757, -21.5898184 ], [ 30.5901124, -21.5890614 ], [ 30.5904302, -21.5883382 ], [ 30.5907226, -21.5876411 ], [ 30.5910364, -21.5869003 ], [ 30.5913462, -21.5862169 ], [ 30.5916063, -21.5856246 ], [ 30.5919282, -21.5848938 ], [ 30.5922474, -21.5841493 ], [ 30.5929904, -21.5824446 ], [ 30.5935737, -21.5811252 ], [ 30.5954459, -21.5768513 ], [ 30.5961165, -21.5753086 ], [ 30.5967052, -21.5739467 ], [ 30.5972537, -21.5726983 ], [ 30.5977513, -21.5715771 ], [ 30.5981603, -21.5706492 ], [ 30.5985667, -21.5696951 ], [ 30.598737, -21.5693147 ], [ 30.5988953, -21.5689593 ], [ 30.5990857, -21.5685215 ], [ 30.599252, -21.5681474 ], [ 30.5998354, -21.5667717 ], [ 30.6002498, -21.5658226 ], [ 30.6005998, -21.5650081 ], [ 30.6011952, -21.5635888 ], [ 30.6016096, -21.5625947 ], [ 30.6018108, -21.5621307 ], [ 30.6019919, -21.5616954 ], [ 30.6021139, -21.5614048 ], [ 30.6030326, -21.5592221 ], [ 30.6033839, -21.5583952 ], [ 30.6036575, -21.5577503 ], [ 30.6042007, -21.5564706 ], [ 30.6047626, -21.5551135 ], [ 30.6050536, -21.5544287 ], [ 30.6053607, -21.5537128 ], [ 30.6056651, -21.5529731 ], [ 30.6058408, -21.5525553 ], [ 30.6064564, -21.5511171 ], [ 30.6067394, -21.5504373 ], [ 30.6084989, -21.5463534 ], [ 30.609498, -21.5440656 ], [ 30.6098226, -21.5433484 ], [ 30.6106795, -21.5413887 ], [ 30.6111972, -21.5402074 ], [ 30.6116626, -21.5391657 ], [ 30.6121145, -21.5381166 ], [ 30.6123318, -21.5376264 ], [ 30.6125048, -21.5372459 ], [ 30.6128642, -21.5364064 ], [ 30.6131324, -21.5357839 ], [ 30.6133617, -21.5352749 ], [ 30.6135991, -21.5347672 ], [ 30.6137466, -21.5344291 ], [ 30.6139089, -21.5340985 ], [ 30.6140739, -21.533738 ], [ 30.6143595, -21.5331055 ], [ 30.6156483, -21.5304695 ], [ 30.6158428, -21.530089 ], [ 30.6161325, -21.5295077 ], [ 30.6163377, -21.5291147 ], [ 30.6166421, -21.5284747 ], [ 30.6167963, -21.5281566 ], [ 30.6170109, -21.5277499 ], [ 30.6172416, -21.527307 ], [ 30.6175755, -21.5266383 ], [ 30.6178021, -21.5261917 ], [ 30.6179993, -21.5258199 ], [ 30.6181857, -21.5254282 ], [ 30.6184097, -21.5249641 ], [ 30.6185773, -21.524631 ], [ 30.6187235, -21.5243515 ], [ 30.6189139, -21.523966 ], [ 30.6191593, -21.5234807 ], [ 30.6194665, -21.5228619 ], [ 30.6197146, -21.5223841 ], [ 30.6199962, -21.5218127 ], [ 30.6203033, -21.5212176 ], [ 30.6205152, -21.5208009 ], [ 30.6207727, -21.5202968 ], [ 30.6209618, -21.5199412 ], [ 30.621116, -21.5196418 ], [ 30.6213923, -21.519139 ], [ 30.6215841, -21.5187735 ], [ 30.6217396, -21.518484 ], [ 30.6219274, -21.5181497 ], [ 30.6220722, -21.5178827 ], [ 30.6225564, -21.5170206 ], [ 30.623007, -21.5162196 ], [ 30.6236547, -21.5150705 ], [ 30.6240866, -21.5142982 ], [ 30.6244956, -21.5135833 ], [ 30.6247585, -21.5131304 ], [ 30.6249918, -21.5127049 ], [ 30.6251661, -21.512398 ], [ 30.625366, -21.5120598 ], [ 30.6255604, -21.5117105 ], [ 30.6257616, -21.5113561 ], [ 30.6259279, -21.5110729 ], [ 30.6260701, -21.5108184 ], [ 30.6262256, -21.5105339 ], [ 30.6263812, -21.5102644 ], [ 30.6265153, -21.5100274 ], [ 30.6266816, -21.5097267 ], [ 30.6268358, -21.5094684 ], [ 30.6271094, -21.5089855 ], [ 30.6273186, -21.5086 ], [ 30.6274715, -21.5083367 ], [ 30.6276378, -21.5080485 ], [ 30.6277934, -21.507789 ], [ 30.627957, -21.5075219 ], [ 30.628126, -21.5072487 ], [ 30.6283379, -21.5068943 ], [ 30.6286249, -21.5064352 ], [ 30.62883, -21.506102 ], [ 30.6290969, -21.5056741 ], [ 30.6293209, -21.5053247 ], [ 30.629628, -21.5048543 ], [ 30.6300183, -21.5042841 ], [ 30.6304367, -21.5036702 ], [ 30.6309088, -21.5029814 ], [ 30.6312937, -21.5024212 ], [ 30.6316289, -21.5019233 ], [ 30.6320715, -21.5012807 ], [ 30.6324309, -21.5007566 ], [ 30.6328748, -21.5001065 ], [ 30.6332315, -21.4995825 ], [ 30.6335145, -21.4991832 ], [ 30.6338632, -21.4986666 ], [ 30.6341355, -21.4982723 ], [ 30.6343648, -21.4979316 ], [ 30.6345887, -21.4975997 ], [ 30.6348369, -21.4972366 ], [ 30.6350353, -21.4969446 ], [ 30.6352606, -21.4966015 ], [ 30.6355892, -21.4961385 ], [ 30.6361136, -21.4953799 ], [ 30.6367975, -21.4943978 ], [ 30.6375271, -21.4933771 ], [ 30.6381051, -21.4925498 ], [ 30.6385142, -21.4919645 ], [ 30.6387287, -21.4916725 ] ] } },
{ "type": "Feature", "properties": { "id": "way/338535648", "name": "Harare-Beitbridge Highway", "name_en": null, "name_sn": null, "name_nd": null, "highway": "trunk", "surface": "asphalt", "smoothness": null, "width": null, "lanes": "2", "oneway": "no", "bridge": "yes", "layer": "1", "source": null, "adm0_pcode": "ZWE", "adm0_name": "Zimbabwe", "adm1_pcode": "ZW16", "adm1_name": "Matabeleland South", "adm2_pcode": "ZW1601", "adm2_name": "Beitbridge", "adm3_pcode": "ZW160116", "adm3_name": "16", "adm4_pcode": null, "adm4_name": null, "name_latin": "Harare-Beitbridge Highway" }, "geometry": { "type": "LineString", "coordinates": [ [ 30.497898, -21.7088805 ], [ 30.4983821, -21.7083783 ], [ 30.4988631, -21.7078991 ] ] } },
{ "type": "Feature", "properties": { "id": "way/666036487", "name": "Harare-Beitbridge Highway", "name_en": null, "name_sn": null, "name_nd": null, "highway": "trunk", "surface": "asphalt", "smoothness": null, "width": null, "lanes": "2", "oneway": "no", "bridge": "yes", "layer": "1", "source": null, "adm0_pcode": "ZWE", "adm0_name": "Zimbabwe", "adm1_pcode": "ZW16", "adm1_name": "Matabeleland South", "adm2_pcode": "ZW1601", "adm2_name": "Beitbridge", "adm3_pcode": "ZW160105", "adm3_name": "5", "adm4_pcode": null, "adm4_name": null, "name_latin": "Harare-Beitbridge Highway" }, "geometry": { "type": "LineString", "coordinates": [ [ 30.0960079, -22.1102978 ], [ 30.0962184, -22.1100531 ] ] } },
{ "type": "Feature", "properties": { "id": "way/666036490", "name": "Harare-Beitbridge Highway", "name_en": null, "name_sn": null, "name_nd": null, "highway": "trunk", "surface": "asphalt", "smoothness": null, "width": null, "lanes": "2", "oneway": "no", "bridge": null, "layer": null, "source": null, "adm0_pcode": "ZWE", "adm0_name": "Zimbabwe", "adm1_pcode": "ZW16", "adm1_name": "Matabeleland South", "adm2_pcode": "ZW1601", "adm2_name": "Beitbridge", "adm3_pcode": "ZW160105", "adm3_name": "5", "adm4_pcode": null, "adm4_name": null, "name_latin": "Harare-Beitbridge Highway" }, "geometry": { "type": "LineString", "coordinates": [ [ 30.0574994, -22.147668 ], [ 30.05968, -22.1465687 ], [ 30.063765, -22.1445029 ], [ 30.0653275, -22.1437152 ], [ 30.0664566, -22.1431477 ], [ 30.0676207, -22.1425353 ], [ 30.0679742, -22.1423116 ], [ 30.0684884, -22.1419862 ], [ 30.0692515, -22.1414496 ], [ 30.0700119, -22.1408645 ], [ 30.0708126, -22.1401639 ], [ 30.0713959, -22.1395863 ], [ 30.0718211, -22.1391316 ], [ 30.0724299, -22.1384211 ], [ 30.0738247, -22.1367565 ], [ 30.0762526, -22.1338766 ] ] } },
{ "type": "Feature", "properties": { "id": "way/1505243320", "name": "Harare-Beitbridge Highway", "name_en": null, "name_sn": null, "name_nd": null, "highway": "trunk", "surface": "asphalt", "smoothness": null, "width": null, "lanes": "2", "oneway": "no", "bridge": null, "layer": null, "source": null, "adm0_pcode": "ZWE", "adm0_name": "Zimbabwe", "adm1_pcode": "ZW16", "adm1_name": "Matabeleland South", "adm2_pcode": "ZW1601", "adm2_name": "Beitbridge", "adm3_pcode": "ZW160115", "adm3_name": "15", "adm4_pcode": null, "adm4_name": null, "name_latin": "Harare-Beitbridge Highway" }, "geometry": { "type": "LineString", "coordinates": [ [ 30.0764574, -22.133626 ], [ 30.0776481, -22.1322221 ] ] } },
{ "type": "Feature", "properties": { "id": "way/1504449107", "name": "Harare-Beitbridge Highway", "name_en": null, "name_sn": null, "name_nd": null, "highway": "trunk", "surface": "asphalt", "smoothness": null, "width": null, "lanes": "1", "oneway": "yes", "bridge": null, "layer": null, "source": null, "adm0_pcode": "ZWE", "adm0_name": "Zimbabwe", "adm1_pcode": "ZW16", "adm1_name": "Matabeleland South", "adm2_pcode": "ZW1601", "adm2_name": "Beitbridge", "adm3_pcode": "ZW160115", "adm3_name": "15", "adm4_pcode": null, "adm4_name": null, "name_latin": "Harare-Beitbridge Highway" }, "geometry": { "type": "LineString", "coordinates": [ [ 30.0776481, -22.1322221 ], [ 30.0779003, -22.1318612 ], [ 30.0783248, -22.1313277 ] ] } },
{ "type": "Feature", "properties": { "id": "way/1505243321", "name": "Harare-Beitbridge Highway", "name_en": null, "name_sn": null, "name_nd": null, "highway": "trunk", "surface": "asphalt", "smoothness": null, "width": null, "lanes": "2", "oneway": "no", "bridge": "yes", "layer": "1", "source": null, "adm0_pcode": "ZWE", "adm0_name": "Zimbabwe", "adm1_pcode": "ZW16", "adm1_name": "Matabeleland South", "adm2_pcode": "ZW1601", "adm2_name": "Beitbridge", "adm3_pcode": "ZW160115", "adm3_name": "15", "adm4_pcode": null, "adm4_name": null, "name_latin": "Harare-Beitbridge Highway" }, "geometry": { "type": "LineString", "coordinates": [ [ 30.0762526, -22.1338766 ], [ 30.0764574, -22.133626 ] ] } },
{ "type": "Feature", "properties": { "id": "way/1504449106", "name": "Harare-Beitbridge Highway", "name_en": null, "name_sn": null, "name_nd": null, "highway": "trunk", "surface": "asphalt", "smoothness": null, "width": null, "lanes": "1", "oneway": "yes", "bridge": null, "layer": null, "source": null, "adm0_pcode": "ZWE", "adm0_name": "Zimbabwe", "adm1_pcode": "ZW16", "adm1_name": "Matabeleland South", "adm2_pcode": "ZW1601", "adm2_name": "Beitbridge", "adm3_pcode": "ZW160115", "adm3_name": "15", "adm4_pcode": null, "adm4_name": null, "name_latin": "Harare-Beitbridge Highway" }, "geometry": { "type": "LineString", "coordinates": [ [ 30.0789772, -22.1306035 ], [ 30.0786327, -22.1311121 ], [ 30.0784961, -22.1312739 ], [ 30.0783985, -22.1313895 ], [ 30.0779715, -22.1319072 ], [ 30.0776481, -22.1322221 ] ] } },
{ "type": "Feature", "properties": { "id": "way/1514506469", "name": "Harare-Beitbridge Highway", "name_en": null, "name_sn": null, "name_nd": null, "highway": "trunk", "surface": "asphalt", "smoothness": null, "width": null, "lanes": "1", "oneway": "yes", "bridge": null, "layer": null, "source": null, "adm0_pcode": "ZWE", "adm0_name": "Zimbabwe", "adm1_pcode": "ZW16", "adm1_name": "Matabeleland South", "adm2_pcode": "ZW1601", "adm2_name": "Beitbridge", "adm3_pcode": "ZW160115", "adm3_name": "15", "adm4_pcode": null, "adm4_name": null, "name_latin": "Harare-Beitbridge Highway" }, "geometry": { "type": "LineString", "coordinates": [ [ 30.0783248, -22.1313277 ], [ 30.0786184, -22.1309689 ], [ 30.0789772, -22.1306035 ] ] } },
{ "type": "Feature", "properties": { "id": "way/666036488", "name": "Harare-Beitbridge Highway", "name_en": null, "name_sn": null, "name_nd": null, "highway": "trunk", "surface": "asphalt", "smoothness": null, "width": null, "lanes": "2", "oneway": "no", "bridge": null, "layer": null, "source": null, "adm0_pcode": "ZWE", "adm0_name": "Zimbabwe", "adm1_pcode": "ZW16", "adm1_name": "Matabeleland South", "adm2_pcode": "ZW1601", "adm2_name": "Beitbridge", "adm3_pcode": "ZW160105", "adm3_name": "5", "adm4_pcode": null, "adm4_name": null, "name_latin": "Harare-Beitbridge Highway" }, "geometry": { "type": "LineString", "coordinates": [ [ 30.0789772, -22.1306035 ], [ 30.0810304, -22.1281599 ], [ 30.0814708, -22.127641 ], [ 30.081642, -22.1274393 ], [ 30.0844663, -22.1240738 ], [ 30.0852482, -22.1231458 ], [ 30.0860998, -22.1221295 ], [ 30.0897047, -22.1178234 ], [ 30.0928791, -22.1140426 ], [ 30.0942363, -22.1124287 ], [ 30.0949739, -22.1115602 ], [ 30.0960079, -22.1102978 ] ] } },
{ "type": "Feature", "properties": { "id": "way/666036489", "name": "Harare-Beitbridge Highway", "name_en": null, "name_sn": null, "name_nd": null, "highway": "trunk", "surface": "asphalt", "smoothness": null, "width": null, "lanes": "2", "oneway": "no", "bridge": "yes", "layer": "1", "source": null, "adm0_pcode": "ZWE", "adm0_name": "Zimbabwe", "adm1_pcode": "ZW16", "adm1_name": "Matabeleland South", "adm2_pcode": "ZW1601", "adm2_name": "Beitbridge", "adm3_pcode": "ZW160105", "adm3_name": "5", "adm4_pcode": null, "adm4_name": null, "name_latin": "Harare-Beitbridge Highway" }, "geometry": { "type": "LineString", "coordinates": [ [ 30.0572862, -22.1477785 ], [ 30.0574994, -22.147668 ] ] } },
{ "type": "Feature", "properties": { "id": "way/428761007", "name": "Harare-Beitbridge Highway", "name_en": null, "name_sn": null, "name_nd": null, "highway": "trunk", "surface": "asphalt", "smoothness": null, "width": null, "lanes": "2", "oneway": "no", "bridge": null, "layer": null, "source": null, "adm0_pcode": "ZWE", "adm0_name": "Zimbabwe", "adm1_pcode": "ZW16", "adm1_name": "Matabeleland South", "adm2_pcode": "ZW1601", "adm2_name": "Beitbridge", "adm3_pcode": "ZW160115", "adm3_name": "15", "adm4_pcode": null, "adm4_name": null, "name_latin": "Harare-Beitbridge Highway" }, "geometry": { "type": "LineString", "coordinates": [ [ 30.0333817, -22.1584612 ], [ 30.0350882, -22.156877 ], [ 30.0355978, -22.1564609 ], [ 30.0362281, -22.155979 ], [ 30.0369041, -22.1555181 ], [ 30.0373319, -22.1552374 ], [ 30.0377905, -22.1549642 ], [ 30.0387253, -22.1544636 ], [ 30.0391102, -22.1542736 ], [ 30.0397365, -22.1539854 ], [ 30.0404325, -22.1537022 ], [ 30.0412077, -22.1534352 ], [ 30.0419734, -22.1531954 ], [ 30.0430195, -22.1529073 ], [ 30.0443152, -22.1525489 ], [ 30.0446811, -22.1524477 ], [ 30.0480849, -22.1514863 ], [ 30.0493146, -22.1511447 ], [ 30.0505672, -22.1507671 ], [ 30.0516991, -22.1503671 ], [ 30.0524622, -22.1500703 ], [ 30.0530161, -22.1498467 ], [ 30.053696, -22.1495461 ], [ 30.0544967, -22.1491747 ], [ 30.0563407, -22.1482555 ], [ 30.0572862, -22.1477785 ] ] } },
{ "type": "Feature", "properties": { "id": "way/1218854137", "name": "Harare-Beitbridge Highway", "name_en": null, "name_sn": null, "name_nd": null, "highway": "trunk", "surface": "asphalt", "smoothness": null, "width": null, "lanes": "2", "oneway": "yes", "bridge": null, "layer": null, "source": null, "adm0_pcode": "ZWE", "adm0_name": "Zimbabwe", "adm1_pcode": "ZW16", "adm1_name": "Matabeleland South", "adm2_pcode": "ZW1622", "adm2_name": "Beitbridge Urban", "adm3_pcode": "ZW162205", "adm3_name": "5", "adm4_pcode": null, "adm4_name": null, "name_latin": "Harare-Beitbridge Highway" }, "geometry": { "type": "LineString", "coordinates": [ [ 29.9892198, -22.2077727 ], [ 29.988999, -22.2083053 ] ] } },
{ "type": "Feature", "properties": { "id": "way/30125724", "name": "Harare-Beitbridge Highway", "name_en": null, "name_sn": null, "name_nd": null, "highway": "trunk", "surface": "asphalt", "smoothness": null, "width": null, "lanes": "2", "oneway": "yes", "bridge": null, "layer": null, "source": null, "adm0_pcode": "ZWE", "adm0_name": "Zimbabwe", "adm1_pcode": "ZW16", "adm1_name": "Matabeleland South", "adm2_pcode": "ZW1622", "adm2_name": "Beitbridge Urban", "adm3_pcode": "ZW162201", "adm3_name": "1", "adm4_pcode": null, "adm4_name": null, "name_latin": "Harare-Beitbridge Highway" }, "geometry": { "type": "LineString", "coordinates": [ [ 29.9857332, -22.2132806 ], [ 29.9859394, -22.2131677 ], [ 29.985989, -22.2131303 ], [ 29.9863712, -22.2126734 ], [ 29.9865241, -22.2124846 ], [ 29.9866046, -22.2123791 ], [ 29.9874817, -22.2111537 ], [ 29.9876145, -22.210924 ], [ 29.9878786, -22.2104534 ], [ 29.9883601, -22.209403 ], [ 29.9885294, -22.2090051 ], [ 29.9890902, -22.207709 ] ] } },
{ "type": "Feature", "properties": { "id": "way/589297592", "name": "Harare-Beitbridge Highway", "name_en": null, "name_sn": null, "name_nd": null, "highway": "trunk", "surface": "asphalt", "smoothness": null, "width": null, "lanes": "2", "oneway": "yes", "bridge": null, "layer": null, "source": null, "adm0_pcode": "ZWE", "adm0_name": "Zimbabwe", "adm1_pcode": "ZW16", "adm1_name": "Matabeleland South", "adm2_pcode": "ZW1622", "adm2_name": "Beitbridge Urban", "adm3_pcode": "ZW162201", "adm3_name": "1", "adm4_pcode": null, "adm4_name": null, "name_latin": "Harare-Beitbridge Highway" }, "geometry": { "type": "LineString", "coordinates": [ [ 29.988999, -22.2083053 ], [ 29.9886715, -22.209055 ], [ 29.9884245, -22.2096513 ], [ 29.9879578, -22.2105962 ], [ 29.9877177, -22.2110345 ], [ 29.9871035, -22.2119743 ], [ 29.9867132, -22.212425 ], [ 29.9864879, -22.212723 ], [ 29.9861178, -22.2132346 ], [ 29.9860894, -22.2132945 ], [ 29.9860306, -22.2134578 ] ] } },
{ "type": "Feature", "properties": { "id": "way/1218854153", "name": "Harare-Beitbridge Highway", "name_en": null, "name_sn": null, "name_nd": null, "highway": "trunk", "surface": "asphalt", "smoothness": null, "width": null, "lanes": "1", "oneway": "no", "bridge": null, "layer": null, "source": null, "adm0_pcode": "ZWE", "adm0_name": "Zimbabwe", "adm1_pcode": "ZW16", "adm1_name": "Matabeleland South", "adm2_pcode": "ZW1622", "adm2_name": "Beitbridge Urban", "adm3_pcode": "ZW162201", "adm3_name": "1", "adm4_pcode": null, "adm4_name": null, "name_latin": "Harare-Beitbridge Highway" }, "geometry": { "type": "LineString", "coordinates": [ [ 29.9858228, -22.2138572 ], [ 29.9858522, -22.2139696 ], [ 29.9859595, -22.2141384 ], [ 29.9865147, -22.2147145 ], [ 29.9865979, -22.2148299 ], [ 29.9865871, -22.2154011 ], [ 29.9865764, -22.2159635 ], [ 29.9866528, -22.2163233 ], [ 29.9866884, -22.2164912 ], [ 29.9867097, -22.2165563 ] ] } },
{ "type": "Feature", "properties": { "id": "way/1218991389", "name": "Harare-Beitbridge Highway", "name_en": null, "name_sn": null, "name_nd": null, "highway": "trunk", "surface": "asphalt", "smoothness": null, "width": null, "lanes": "1", "oneway": "yes", "bridge": null, "layer": null, "source": null, "adm0_pcode": "ZWE", "adm0_name": "Zimbabwe", "adm1_pcode": "ZW16", "adm1_name": "Matabeleland South", "adm2_pcode": "ZW1622", "adm2_name": "Beitbridge Urban", "adm3_pcode": "ZW162201", "adm3_name": "1", "adm4_pcode": null, "adm4_name": null, "name_latin": "Harare-Beitbridge Highway" }, "geometry": { "type": "LineString", "coordinates": [ [ 29.985644, -22.2138505 ], [ 29.9855733, -22.2139609 ], [ 29.9855465, -22.2140887 ], [ 29.9855545, -22.2141819 ], [ 29.9855988, -22.2142675 ], [ 29.9857248, -22.2144252 ], [ 29.9860682, -22.2147654 ], [ 29.9860896, -22.2148411 ], [ 29.9860802, -22.2150001 ], [ 29.9860919, -22.2150364 ], [ 29.9861446, -22.2150584 ], [ 29.9862036, -22.2150634 ], [ 29.9863055, -22.215077 ], [ 29.9863438, -22.2151143 ], [ 29.9863619, -22.215159 ], [ 29.9863996, -22.2159411 ], [ 29.9864075, -22.216105 ], [ 29.986378, -22.2163285 ], [ 29.9862028, -22.2167271 ] ] } },
{ "type": "Feature", "properties": { "id": "way/1218854130", "name": "Harare-Beitbridge Highway", "name_en": null, "name_sn": null, "name_nd": null, "highway": "trunk", "surface": "asphalt", "smoothness": null, "width": null, "lanes": "1", "oneway": "yes", "bridge": null, "layer": null, "source": null, "adm0_pcode": "ZWE", "adm0_name": "Zimbabwe", "adm1_pcode": "ZW16", "adm1_name": "Matabeleland South", "adm2_pcode": "ZW1622", "adm2_name": "Beitbridge Urban", "adm3_pcode": "ZW162201", "adm3_name": "1", "adm4_pcode": null, "adm4_name": null, "name_latin": "Harare-Beitbridge Highway" }, "geometry": { "type": "LineString", "coordinates": [ [ 29.9856368, -22.215529 ], [ 29.9857664, -22.2151987 ], [ 29.9857734, -22.2150399 ], [ 29.9857892, -22.2146835 ], [ 29.9857476, -22.2145233 ], [ 29.985584, -22.2143482 ], [ 29.9854942, -22.214198 ], [ 29.9854781, -22.2140304 ], [ 29.9855156, -22.2139112 ], [ 29.9855824, -22.213829 ] ] } },
{ "type": "Feature", "properties": { "id": "way/1218854176", "name": "Harare-Beitbridge Highway", "name_en": null, "name_sn": null, "name_nd": null, "highway": "trunk", "surface": "asphalt", "smoothness": null, "width": null, "lanes": "2", "oneway": "no", "bridge": null, "layer": null, "source": null, "adm0_pcode": "ZWE", "adm0_name": "Zimbabwe", "adm1_pcode": "ZW16", "adm1_name": "Matabeleland South", "adm2_pcode": "ZW1622", "adm2_name": "Beitbridge Urban", "adm3_pcode": "ZW162201", "adm3_name": "1", "adm4_pcode": null, "adm4_name": null, "name_latin": "Harare-Beitbridge Highway" }, "geometry": { "type": "LineString", "coordinates": [ [ 29.987081, -22.2220153 ], [ 29.9869272, -22.2226396 ] ] } },
{ "type": "Feature", "properties": { "id": "way/1117824528", "name": "Harare-Beitbridge Highway", "name_en": null, "name_sn": null, "name_nd": null, "highway": "trunk", "surface": "asphalt", "smoothness": null, "width": null, "lanes": "2", "oneway": "yes", "bridge": null, "layer": null, "source": null, "adm0_pcode": "ZWE", "adm0_name": "Zimbabwe", "adm1_pcode": "ZW16", "adm1_name": "Matabeleland South", "adm2_pcode": "ZW1622", "adm2_name": "Beitbridge Urban", "adm3_pcode": "ZW162201", "adm3_name": "1", "adm4_pcode": null, "adm4_name": null, "name_latin": "Harare-Beitbridge Highway" }, "geometry": { "type": "LineString", "coordinates": [ [ 29.987081, -22.2220153 ], [ 29.9870794, -22.2218582 ], [ 29.9870566, -22.221744 ], [ 29.9869949, -22.2216124 ], [ 29.9869418, -22.2215152 ] ] } },
{ "type": "Feature", "properties": { "id": "way/1346217273", "name": "Harare-Beitbridge Highway", "name_en": null, "name_sn": null, "name_nd": null, "highway": "trunk", "surface": "asphalt", "smoothness": null, "width": null, "lanes": "1", "oneway": "yes", "bridge": null, "layer": null, "source": null, "adm0_pcode": "ZWE", "adm0_name": "Zimbabwe", "adm1_pcode": "ZW16", "adm1_name": "Matabeleland South", "adm2_pcode": "ZW1622", "adm2_name": "Beitbridge Urban", "adm3_pcode": "ZW162201", "adm3_name": "1", "adm4_pcode": null, "adm4_name": null, "name_latin": "Harare-Beitbridge Highway" }, "geometry": { "type": "LineString", "coordinates": [ [ 29.9866491, -22.2181272 ], [ 29.9866929, -22.2182603 ], [ 29.9867062, -22.2182894 ], [ 29.986732, -22.2183088 ], [ 29.9867897, -22.218305 ], [ 29.9869204, -22.2182827 ], [ 29.9869687, -22.2182914 ], [ 29.9870016, -22.2183131 ], [ 29.9870371, -22.2183522 ], [ 29.9872443, -22.2191002 ], [ 29.9872684, -22.2192548 ], [ 29.9872047, -22.2199947 ], [ 29.987194, -22.2201642 ], [ 29.9872115, -22.2202666 ], [ 29.9872765, -22.2205658 ], [ 29.9872919, -22.2206633 ], [ 29.9872711, -22.220811 ], [ 29.9872644, -22.2209035 ], [ 29.9872846, -22.2209837 ] ] } },
{ "type": "Feature", "properties": { "id": "way/1346217274", "name": "Harare-Beitbridge Highway", "name_en": null, "name_sn": null, "name_nd": null, "highway": "trunk", "surface": "asphalt", "smoothness": null, "width": null, "lanes": "1", "oneway": "yes", "bridge": null, "layer": null, "source": null, "adm0_pcode": "ZWE", "adm0_name": "Zimbabwe", "adm1_pcode": "ZW16", "adm1_name": "Matabeleland South", "adm2_pcode": "ZW1622", "adm2_name": "Beitbridge Urban", "adm3_pcode": "ZW162201", "adm3_name": "1", "adm4_pcode": null, "adm4_name": null, "name_latin": "Harare-Beitbridge Highway" }, "geometry": { "type": "LineString", "coordinates": [ [ 29.9870916, -22.2209576 ], [ 29.9871243, -22.2208365 ], [ 29.9871397, -22.2207154 ], [ 29.9870599, -22.220312 ], [ 29.9870257, -22.2202493 ], [ 29.9869164, -22.2201766 ], [ 29.9868319, -22.2201412 ], [ 29.9867763, -22.220091 ], [ 29.9863424, -22.2189152 ], [ 29.9863149, -22.2188792 ], [ 29.986264, -22.2188532 ], [ 29.986164, -22.2186105 ], [ 29.9861319, -22.2185794 ], [ 29.9860474, -22.2185186 ], [ 29.9860205, -22.218464 ], [ 29.9859762, -22.2183159 ] ] } },
{ "type": "Feature", "properties": { "id": "way/1218854150", "name": "Harare-Beitbridge Highway", "name_en": null, "name_sn": null, "name_nd": null, "highway": "trunk", "surface": "asphalt", "smoothness": null, "width": null, "lanes": "1", "oneway": "yes", "bridge": null, "layer": null, "source": null, "adm0_pcode": "ZWE", "adm0_name": "Zimbabwe", "adm1_pcode": "ZW16", "adm1_name": "Matabeleland South", "adm2_pcode": "ZW1622", "adm2_name": "Beitbridge Urban", "adm3_pcode": "ZW162201", "adm3_name": "1", "adm4_pcode": null, "adm4_name": null, "name_latin": "Harare-Beitbridge Highway" }, "geometry": { "type": "LineString", "coordinates": [ [ 29.9857734, -22.2176947 ], [ 29.9857315, -22.2177985 ], [ 29.9857128, -22.2179276 ], [ 29.9858201, -22.218377 ], [ 29.9859971, -22.2186005 ], [ 29.9862894, -22.2194547 ], [ 29.986335, -22.2195962 ], [ 29.9863833, -22.2199054 ], [ 29.9866462, -22.2206465 ], [ 29.9867588, -22.2208427 ], [ 29.9869683, -22.2209985 ] ] } },
{ "type": "Feature", "properties": { "id": "way/1117824534", "name": "Harare-Beitbridge Highway", "name_en": null, "name_sn": null, "name_nd": null, "highway": "trunk", "surface": "asphalt", "smoothness": null, "width": null, "lanes": "2", "oneway": "yes", "bridge": null, "layer": null, "source": null, "adm0_pcode": "ZWE", "adm0_name": "Zimbabwe", "adm1_pcode": "ZW16", "adm1_name": "Matabeleland South", "adm2_pcode": "ZW1622", "adm2_name": "Beitbridge Urban", "adm3_pcode": "ZW162201", "adm3_name": "1", "adm4_pcode": null, "adm4_name": null, "name_latin": "Harare-Beitbridge Highway" }, "geometry": { "type": "LineString", "coordinates": [ [ 29.9868259, -22.2213698 ], [ 29.9867025, -22.2213194 ], [ 29.986268, -22.2211556 ], [ 29.986103, -22.2210786 ], [ 29.9859757, -22.2209619 ], [ 29.9859593, -22.2209353 ], [ 29.9858174, -22.2207036 ], [ 29.9857771, -22.2205869 ], [ 29.9857029, -22.2203671 ], [ 29.9852836, -22.2191592 ], [ 29.9851455, -22.2187271 ], [ 29.9851146, -22.2186992 ], [ 29.9850771, -22.2186962 ], [ 29.9850223, -22.2187072 ], [ 29.9848612, -22.2187532 ], [ 29.9845931, -22.2188294 ], [ 29.984329, -22.2189091 ], [ 29.9840553, -22.2189932 ], [ 29.9837984, -22.2190818 ], [ 29.9836689, -22.219112 ], [ 29.9835589, -22.219086 ], [ 29.9834275, -22.2190202 ], [ 29.9833229, -22.2188787 ], [ 29.983044, -22.218243 ], [ 29.9829957, -22.2179884 ], [ 29.9830346, -22.2177786 ], [ 29.9831007, -22.2172891 ], [ 29.9831057, -22.2172522 ], [ 29.9830762, -22.2170536 ], [ 29.9831057, -22.2168984 ], [ 29.9831392, -22.2168326 ], [ 29.9831902, -22.2167717 ], [ 29.9834315, -22.2166451 ], [ 29.9836756, -22.2166178 ], [ 29.983803, -22.2166029 ], [ 29.9839908, -22.216557 ], [ 29.9840914, -22.216511 ], [ 29.984546, -22.216182 ], [ 29.9846117, -22.2160765 ], [ 29.9846292, -22.2159623 ], [ 29.9846385, -22.2156034 ], [ 29.9846131, -22.2154644 ], [ 29.9844977, -22.2153005 ], [ 29.9843918, -22.2151217 ], [ 29.9843609, -22.2148722 ], [ 29.9843636, -22.2145555 ], [ 29.9843878, -22.2140875 ], [ 29.9844334, -22.2139696 ], [ 29.9844924, -22.2138703 ], [ 29.9846761, -22.2137312 ], [ 29.984892, -22.213617 ], [ 29.9850811, -22.213535 ], [ 29.9853694, -22.2134344 ], [ 29.9854578, -22.2134394 ] ] } },
{ "type": "Feature", "properties": { "id": "way/1514369773", "name": "Harare-Beitbridge Highway", "name_en": null, "name_sn": null, "name_nd": null, "highway": "trunk", "surface": "asphalt", "smoothness": null, "width": null, "lanes": "1", "oneway": "yes", "bridge": null, "layer": null, "source": null, "adm0_pcode": "ZWE", "adm0_name": "Zimbabwe", "adm1_pcode": "ZW16", "adm1_name": "Matabeleland South", "adm2_pcode": "ZW1622", "adm2_name": "Beitbridge Urban", "adm3_pcode": "ZW162201", "adm3_name": "1", "adm4_pcode": null, "adm4_name": null, "name_latin": "Harare-Beitbridge Highway" }, "geometry": { "type": "LineString", "coordinates": [ [ 29.9861252, -22.2168991 ], [ 29.9859273, -22.2173267 ], [ 29.9858141, -22.2175987 ] ] } },
{ "type": "Feature", "properties": { "id": "way/1219007614", "name": "Harare-Beitbridge Highway", "name_en": null, "name_sn": null, "name_nd": null, "highway": "trunk", "surface": "asphalt", "smoothness": null, "width": null, "lanes": "1", "oneway": "yes", "bridge": null, "layer": null, "source": null, "adm0_pcode": "ZWE", "adm0_name": "Zimbabwe", "adm1_pcode": "ZW16", "adm1_name": "Matabeleland South", "adm2_pcode": "ZW1622", "adm2_name": "Beitbridge Urban", "adm3_pcode": "ZW162201", "adm3_name": "1", "adm4_pcode": null, "adm4_name": null, "name_latin": "Harare-Beitbridge Highway" }, "geometry": { "type": "LineString", "coordinates": [ [ 29.9862028, -22.2167271 ], [ 29.9861521, -22.2168394 ], [ 29.9861252, -22.2168991 ] ] } },
{ "type": "Feature", "properties": { "id": "way/1218991387", "name": "Harare-Beitbridge Highway", "name_en": null, "name_sn": null, "name_nd": null, "highway": "trunk", "surface": "asphalt", "smoothness": null, "width": null, "lanes": "1", "oneway": "yes", "bridge": null, "layer": null, "source": null, "adm0_pcode": "ZWE", "adm0_name": "Zimbabwe", "adm1_pcode": "ZW16", "adm1_name": "Matabeleland South", "adm2_pcode": "ZW1622", "adm2_name": "Beitbridge Urban", "adm3_pcode": "ZW162201", "adm3_name": "1", "adm4_pcode": null, "adm4_name": null, "name_latin": "Harare-Beitbridge Highway" }, "geometry": { "type": "LineString", "coordinates": [ [ 29.985413, -22.2167332 ], [ 29.9853815, -22.2166716 ], [ 29.985346, -22.2165911 ], [ 29.9852935, -22.2165011 ] ] } },
{ "type": "Feature", "properties": { "id": "way/1218991388", "name": "Harare-Beitbridge Highway", "name_en": null, "name_sn": null, "name_nd": null, "highway": "trunk", "surface": "asphalt", "smoothness": null, "width": null, "lanes": "1", "oneway": "yes", "bridge": null, "layer": null, "source": null, "adm0_pcode": "ZWE", "adm0_name": "Zimbabwe", "adm1_pcode": "ZW16", "adm1_name": "Matabeleland South", "adm2_pcode": "ZW1622", "adm2_name": "Beitbridge Urban", "adm3_pcode": "ZW162201", "adm3_name": "1", "adm4_pcode": null, "adm4_name": null, "name_latin": "Harare-Beitbridge Highway" }, "geometry": { "type": "LineString", "coordinates": [ [ 29.9852935, -22.2165011 ], [ 29.9852937, -22.2164049 ], [ 29.9853104, -22.216318 ], [ 29.985407, -22.2160901 ], [ 29.9855978, -22.215624 ] ] } },
{ "type": "Feature", "properties": { "id": "way/1218854129", "name": "Harare-Beitbridge Highway", "name_en": null, "name_sn": null, "name_nd": null, "highway": "trunk", "surface": "asphalt", "smoothness": null, "width": null, "lanes": "1", "oneway": "yes", "bridge": null, "layer": null, "source": null, "adm0_pcode": "ZWE", "adm0_name": "Zimbabwe", "adm1_pcode": "ZW16", "adm1_name": "Matabeleland South", "adm2_pcode": "ZW1622", "adm2_name": "Beitbridge Urban", "adm3_pcode": "ZW162201", "adm3_name": "1", "adm4_pcode": null, "adm4_name": null, "name_latin": "Harare-Beitbridge Highway" }, "geometry": { "type": "LineString", "coordinates": [ [ 29.9855978, -22.215624 ], [ 29.9856368, -22.215529 ] ] } },
{ "type": "Feature", "properties": { "id": "way/1514369775", "name": "Harare-Beitbridge Highway", "name_en": null, "name_sn": null, "name_nd": null, "highway": "trunk", "surface": "asphalt", "smoothness": null, "width": null, "lanes": "1", "oneway": "yes", "bridge": null, "layer": null, "source": null, "adm0_pcode": "ZWE", "adm0_name": "Zimbabwe", "adm1_pcode": "ZW16", "adm1_name": "Matabeleland South", "adm2_pcode": "ZW1622", "adm2_name": "Beitbridge Urban", "adm3_pcode": "ZW162201", "adm3_name": "1", "adm4_pcode": null, "adm4_name": null, "name_latin": "Harare-Beitbridge Highway" }, "geometry": { "type": "LineString", "coordinates": [ [ 29.9858941, -22.2180508 ], [ 29.9858395, -22.2178655 ], [ 29.9858529, -22.2178097 ], [ 29.9859039, -22.2177799 ], [ 29.9861694, -22.2176396 ], [ 29.9862465, -22.2175831 ], [ 29.9863029, -22.2175316 ], [ 29.9863746, -22.2174 ], [ 29.9866884, -22.216683 ], [ 29.9867032, -22.216619 ], [ 29.9867097, -22.2165563 ] ] } },
{ "type": "Feature", "properties": { "id": "way/1514056584", "name": "Harare-Beitbridge Highway", "name_en": null, "name_sn": null, "name_nd": null, "highway": "trunk", "surface": "asphalt", "smoothness": null, "width": null, "lanes": "1", "oneway": "yes", "bridge": null, "layer": null, "source": null, "adm0_pcode": "ZWE", "adm0_name": "Zimbabwe", "adm1_pcode": "ZW16", "adm1_name": "Matabeleland South", "adm2_pcode": "ZW1622", "adm2_name": "Beitbridge Urban", "adm3_pcode": "ZW162201", "adm3_name": "1", "adm4_pcode": null, "adm4_name": null, "name_latin": "Harare-Beitbridge Highway" }, "geometry": { "type": "LineString", "coordinates": [ [ 29.9867097, -22.2165563 ], [ 29.9867454, -22.2166631 ], [ 29.986781, -22.216791 ], [ 29.9867769, -22.216863 ], [ 29.9867588, -22.2169245 ], [ 29.9865147, -22.2174621 ], [ 29.9864906, -22.2175694 ], [ 29.9865034, -22.217683 ], [ 29.9865609, -22.2178636 ] ] } },
{ "type": "Feature", "properties": { "id": "way/1514056585", "name": "Harare-Beitbridge Highway", "name_en": null, "name_sn": null, "name_nd": null, "highway": "trunk", "surface": "asphalt", "smoothness": null, "width": null, "lanes": "1", "oneway": "yes", "bridge": null, "layer": null, "source": null, "adm0_pcode": "ZWE", "adm0_name": "Zimbabwe", "adm1_pcode": "ZW16", "adm1_name": "Matabeleland South", "adm2_pcode": "ZW1622", "adm2_name": "Beitbridge Urban", "adm3_pcode": "ZW162201", "adm3_name": "1", "adm4_pcode": null, "adm4_name": null, "name_latin": "Harare-Beitbridge Highway" }, "geometry": { "type": "LineString", "coordinates": [ [ 29.9865609, -22.2178636 ], [ 29.9866491, -22.2181272 ] ] } },
{ "type": "Feature", "properties": { "id": "way/1514369774", "name": "Harare-Beitbridge Highway", "name_en": null, "name_sn": null, "name_nd": null, "highway": "trunk", "surface": "asphalt", "smoothness": null, "width": null, "lanes": "1", "oneway": "yes", "bridge": null, "layer": null, "source": null, "adm0_pcode": "ZWE", "adm0_name": "Zimbabwe", "adm1_pcode": "ZW16", "adm1_name": "Matabeleland South", "adm2_pcode": "ZW1622", "adm2_name": "Beitbridge Urban", "adm3_pcode": "ZW162201", "adm3_name": "1", "adm4_pcode": null, "adm4_name": null, "name_latin": "Harare-Beitbridge Highway" }, "geometry": { "type": "LineString", "coordinates": [ [ 29.9858141, -22.2175987 ], [ 29.9857734, -22.2176947 ] ] } },
{ "type": "Feature", "properties": { "id": "way/1117824535", "name": "Harare-Beitbridge Highway", "name_en": null, "name_sn": null, "name_nd": null, "highway": "trunk", "surface": "asphalt", "smoothness": null, "width": null, "lanes": "2", "oneway": "yes", "bridge": null, "layer": null, "source": null, "adm0_pcode": "ZWE", "adm0_name": "Zimbabwe", "adm1_pcode": "ZW16", "adm1_name": "Matabeleland South", "adm2_pcode": "ZW1622", "adm2_name": "Beitbridge Urban", "adm3_pcode": "ZW162201", "adm3_name": "1", "adm4_pcode": null, "adm4_name": null, "name_latin": "Harare-Beitbridge Highway" }, "geometry": { "type": "LineString", "coordinates": [ [ 29.9854503, -22.2136943 ], [ 29.985354, -22.2136902 ], [ 29.9851026, -22.2137026 ], [ 29.9849685, -22.2137312 ], [ 29.9848236, -22.2137945 ], [ 29.984719, -22.2138839 ], [ 29.9846292, -22.2140192 ], [ 29.9845956, -22.2141508 ], [ 29.9845983, -22.2145705 ], [ 29.984598, -22.2147853 ], [ 29.9846064, -22.215046 ], [ 29.9846613, -22.2151639 ], [ 29.9847793, -22.2153836 ], [ 29.9847994, -22.2154681 ], [ 29.9847873, -22.2159895 ], [ 29.9847805, -22.2162815 ], [ 29.9847713, -22.2166786 ], [ 29.9847874, -22.2168772 ], [ 29.9849816, -22.2174677 ], [ 29.9850945, -22.217811 ], [ 29.9861164, -22.220767 ], [ 29.9862197, -22.2209495 ], [ 29.9863511, -22.2210662 ], [ 29.9864772, -22.2211307 ], [ 29.986614, -22.2211556 ], [ 29.9867722, -22.2211469 ], [ 29.9868375, -22.2211326 ] ] } },
{ "type": "Feature", "properties": { "id": "way/1514369776", "name": "Harare-Beitbridge Highway", "name_en": null, "name_sn": null, "name_nd": null, "highway": "trunk", "surface": "asphalt", "smoothness": null, "width": null, "lanes": "1", "oneway": "yes", "bridge": null, "layer": null, "source": null, "adm0_pcode": "ZWE", "adm0_name": "Zimbabwe", "adm1_pcode": "ZW16", "adm1_name": "Matabeleland South", "adm2_pcode": "ZW1622", "adm2_name": "Beitbridge Urban", "adm3_pcode": "ZW162201", "adm3_name": "1", "adm4_pcode": null, "adm4_name": null, "name_latin": "Harare-Beitbridge Highway" }, "geometry": { "type": "LineString", "coordinates": [ [ 29.9859762, -22.2183159 ], [ 29.9858941, -22.2180508 ] ] } },
{ "type": "Feature", "properties": { "id": "way/1218854151", "name": "Harare-Beitbridge Highway", "name_en": null, "name_sn": null, "name_nd": null, "highway": "trunk", "surface": "asphalt", "smoothness": null, "width": null, "lanes": "1", "oneway": "yes", "bridge": null, "layer": null, "source": null, "adm0_pcode": "ZWE", "adm0_name": "Zimbabwe", "adm1_pcode": "ZW16", "adm1_name": "Matabeleland South", "adm2_pcode": "ZW1622", "adm2_name": "Beitbridge Urban", "adm3_pcode": "ZW162201", "adm3_name": "1", "adm4_pcode": null, "adm4_name": null, "name_latin": "Harare-Beitbridge Highway" }, "geometry": { "type": "LineString", "coordinates": [ [ 29.9868375, -22.2211326 ], [ 29.9867977, -22.2210736 ], [ 29.9866837, -22.220906 ], [ 29.9865268, -22.2207744 ], [ 29.9863203, -22.2206441 ], [ 29.9862076, -22.2205485 ], [ 29.9861419, -22.2204603 ], [ 29.9858355, -22.2196707 ], [ 29.9858254, -22.2196304 ], [ 29.9858213, -22.2195832 ], [ 29.9858064, -22.2195264 ], [ 29.9854003, -22.2183348 ], [ 29.9853151, -22.2178668 ], [ 29.9853131, -22.2177004 ], [ 29.985356, -22.2176346 ], [ 29.9854218, -22.217575 ], [ 29.985462, -22.2175354 ], [ 29.9854914, -22.2174484 ], [ 29.9854254, -22.2172515 ], [ 29.9853587, -22.2170213 ], [ 29.9853574, -22.2169785 ], [ 29.9853661, -22.2169343 ], [ 29.9854125, -22.2168239 ], [ 29.9854217, -22.2167668 ], [ 29.985413, -22.2167332 ] ] } },
{ "type": "Feature", "properties": { "id": "way/1218854175", "name": "Harare-Beitbridge Highway", "name_en": null, "name_sn": null, "name_nd": null, "highway": "trunk", "surface": "asphalt", "smoothness": null, "width": null, "lanes": "2", "oneway": "yes", "bridge": null, "layer": null, "source": null, "adm0_pcode": "ZWE", "adm0_name": "Zimbabwe", "adm1_pcode": "ZW16", "adm1_name": "Matabeleland South", "adm2_pcode": "ZW1622", "adm2_name": "Beitbridge Urban", "adm3_pcode": "ZW162201", "adm3_name": "1", "adm4_pcode": null, "adm4_name": null, "name_latin": "Harare-Beitbridge Highway" }, "geometry": { "type": "LineString", "coordinates": [ [ 29.9873147, -22.2215316 ], [ 29.987192, -22.2216782 ], [ 29.9870995, -22.2219414 ], [ 29.987081, -22.2220153 ] ] } },
{ "type": "Feature", "properties": { "id": "way/26998470", "name": "Harare-Beitbridge Highway", "name_en": null, "name_sn": null, "name_nd": null, "highway": "trunk", "surface": "asphalt", "smoothness": null, "width": null, "lanes": "2", "oneway": "no", "bridge": "yes", "layer": "1", "source": null, "adm0_pcode": "ZWE", "adm0_name": "Zimbabwe", "adm1_pcode": "ZW16", "adm1_name": "Matabeleland South", "adm2_pcode": "ZW1622", "adm2_name": "Beitbridge Urban", "adm3_pcode": "ZW162201", "adm3_name": "1", "adm4_pcode": null, "adm4_name": null, "name_latin": "Harare-Beitbridge Highway" }, "geometry": { "type": "LineString", "coordinates": [ [ 29.9869272, -22.2226396 ], [ 29.9865419, -22.224375 ] ] } },
{ "type": "Feature", "properties": { "id": "way/1346428178", "name": "Harare-Beitbridge Highway", "name_en": null, "name_sn": null, "name_nd": null, "highway": "trunk", "surface": "asphalt", "smoothness": null, "width": null, "lanes": "1", "oneway": "yes", "bridge": null, "layer": null, "source": null, "adm0_pcode": "ZWE", "adm0_name": "Zimbabwe", "adm1_pcode": "ZW16", "adm1_name": "Matabeleland South", "adm2_pcode": "ZW1622", "adm2_name": "Beitbridge Urban", "adm3_pcode": "ZW162203", "adm3_name": "3", "adm4_pcode": null, "adm4_name": null, "name_latin": "Harare-Beitbridge Highway" }, "geometry": { "type": "LineString", "coordinates": [ [ 29.998592, -22.1782885 ], [ 29.9987631, -22.1782961 ], [ 29.9988988, -22.1782905 ], [ 29.9990983, -22.178239 ] ] } },
{ "type": "Feature", "properties": { "id": "way/666579210", "name": "Harare-Beitbridge Highway", "name_en": null, "name_sn": null, "name_nd": null, "highway": "trunk", "surface": "asphalt", "smoothness": null, "width": null, "lanes": "2", "oneway": "yes", "bridge": null, "layer": null, "source": null, "adm0_pcode": "ZWE", "adm0_name": "Zimbabwe", "adm1_pcode": "ZW16", "adm1_name": "Matabeleland South", "adm2_pcode": "ZW1622", "adm2_name": "Beitbridge Urban", "adm3_pcode": "ZW162203", "adm3_name": "3", "adm4_pcode": null, "adm4_name": null, "name_latin": "Harare-Beitbridge Highway" }, "geometry": { "type": "LineString", "coordinates": [ [ 29.998652, -22.1786837 ], [ 29.9986236, -22.17884 ], [ 29.9986289, -22.178958 ], [ 29.9986477, -22.1790723 ], [ 29.9986933, -22.1792486 ], [ 29.99892, -22.1799416 ], [ 29.9990806, -22.1807725 ] ] } },
{ "type": "Feature", "properties": { "id": "way/27205508", "name": "Harare-Beitbridge Highway", "name_en": null, "name_sn": null, "name_nd": null, "highway": "trunk_link", "surface": "asphalt", "smoothness": null, "width": null, "lanes": "1", "oneway": "yes", "bridge": null, "layer": null, "source": null, "adm0_pcode": "ZWE", "adm0_name": "Zimbabwe", "adm1_pcode": "ZW16", "adm1_name": "Matabeleland South", "adm2_pcode": "ZW1622", "adm2_name": "Beitbridge Urban", "adm3_pcode": "ZW162203", "adm3_name": "3", "adm4_pcode": null, "adm4_name": null, "name_latin": "Harare-Beitbridge Highway" }, "geometry": { "type": "LineString", "coordinates": [ [ 30.0003388, -22.1776758 ], [ 30.0001095, -22.1778627 ], [ 29.9995275, -22.1784662 ], [ 29.9993196, -22.1787767 ], [ 29.9991882, -22.1790934 ], [ 29.9990514, -22.179564 ], [ 29.9990165, -22.1799776 ], [ 29.9990806, -22.1807725 ] ] } },
{ "type": "Feature", "properties": { "id": "way/1346428179", "name": "Harare-Beitbridge Highway", "name_en": null, "name_sn": null, "name_nd": null, "highway": "trunk", "surface": "asphalt", "smoothness": null, "width": null, "lanes": "1", "oneway": "yes", "bridge": null, "layer": null, "source": null, "adm0_pcode": "ZWE", "adm0_name": "Zimbabwe", "adm1_pcode": "ZW16", "adm1_name": "Matabeleland South", "adm2_pcode": "ZW1622", "adm2_name": "Beitbridge Urban", "adm3_pcode": "ZW162203", "adm3_name": "3", "adm4_pcode": null, "adm4_name": null, "name_latin": "Harare-Beitbridge Highway" }, "geometry": { "type": "LineString", "coordinates": [ [ 29.9990983, -22.178239 ], [ 29.9989364, -22.1783346 ], [ 29.9988274, -22.1784153 ], [ 29.9986959, -22.1786033 ] ] } },
{ "type": "Feature", "properties": { "id": "way/428741853", "name": "Harare-Beitbridge Highway", "name_en": null, "name_sn": null, "name_nd": null, "highway": "trunk", "surface": "asphalt", "smoothness": null, "width": null, "lanes": "2", "oneway": "no", "bridge": null, "layer": null, "source": null, "adm0_pcode": "ZWE", "adm0_name": "Zimbabwe", "adm1_pcode": "ZW16", "adm1_name": "Matabeleland South", "adm2_pcode": "ZW1622", "adm2_name": "Beitbridge Urban", "adm3_pcode": "ZW162203", "adm3_name": "3", "adm4_pcode": null, "adm4_name": null, "name_latin": "Harare-Beitbridge Highway" }, "geometry": { "type": "LineString", "coordinates": [ [ 29.9990983, -22.178239 ], [ 29.9992767, -22.1781558 ], [ 30.0003388, -22.1776758 ] ] } },
{ "type": "Feature", "properties": { "id": "way/666579208", "name": "Harare-Beitbridge Highway", "name_en": null, "name_sn": null, "name_nd": null, "highway": "trunk", "surface": "asphalt", "smoothness": null, "width": null, "lanes": "2", "oneway": "yes", "bridge": null, "layer": null, "source": null, "adm0_pcode": "ZWE", "adm0_name": "Zimbabwe", "adm1_pcode": "ZW16", "adm1_name": "Matabeleland South", "adm2_pcode": "ZW1622", "adm2_name": "Beitbridge Urban", "adm3_pcode": "ZW162205", "adm3_name": "5", "adm4_pcode": null, "adm4_name": null, "name_latin": "Harare-Beitbridge Highway" }, "geometry": { "type": "LineString", "coordinates": [ [ 29.9890902, -22.207709 ], [ 29.9915197, -22.2017744 ], [ 29.9921513, -22.2002955 ], [ 29.9924223, -22.1996635 ], [ 29.9936849, -22.1963544 ], [ 29.9941598, -22.1951266 ], [ 29.996221, -22.1901098 ], [ 29.9965204, -22.189381 ], [ 29.9967706, -22.1887721 ], [ 29.9970514, -22.1880655 ], [ 29.9977287, -22.1863611 ], [ 29.9981596, -22.1852029 ], [ 29.998582, -22.1841837 ], [ 29.9987151, -22.1837995 ], [ 29.9987992, -22.1835126 ], [ 29.9989146, -22.1830089 ], [ 29.9989676, -22.1827135 ], [ 29.9989951, -22.1823992 ], [ 29.9989991, -22.181638 ], [ 29.9989702, -22.1808649 ], [ 29.9989501, -22.1807183 ], [ 29.9988844, -22.180321 ], [ 29.998814, -22.1799888 ], [ 29.9985807, -22.1792747 ], [ 29.9984841, -22.1790996 ], [ 29.9983393, -22.1788947 ], [ 29.9981656, -22.1787059 ] ] } },
{ "type": "Feature", "properties": { "id": "way/666579211", "name": "Harare-Beitbridge Highway", "name_en": null, "name_sn": null, "name_nd": null, "highway": "trunk", "surface": "asphalt", "smoothness": null, "width": null, "lanes": "2", "oneway": "yes", "bridge": null, "layer": null, "source": null, "adm0_pcode": "ZWE", "adm0_name": "Zimbabwe", "adm1_pcode": "ZW16", "adm1_name": "Matabeleland South", "adm2_pcode": "ZW1622", "adm2_name": "Beitbridge Urban", "adm3_pcode": "ZW162205", "adm3_name": "5", "adm4_pcode": null, "adm4_name": null, "name_latin": "Harare-Beitbridge Highway" }, "geometry": { "type": "LineString", "coordinates": [ [ 29.9990806, -22.1807725 ], [ 29.9991332, -22.1812791 ], [ 29.9991279, -22.1816404 ], [ 29.9991265, -22.1821111 ], [ 29.9990809, -22.1827804 ], [ 29.999021, -22.1832006 ], [ 29.9989976, -22.183315 ], [ 29.9989346, -22.1835408 ], [ 29.9988516, -22.1838386 ], [ 29.9986974, -22.1842905 ], [ 29.9983232, -22.1852686 ], [ 29.9978782, -22.186412 ], [ 29.9968815, -22.1888182 ], [ 29.9962441, -22.1903806 ], [ 29.9942898, -22.1951706 ], [ 29.9938157, -22.1964009 ], [ 29.992488, -22.199846 ], [ 29.9922868, -22.2003452 ], [ 29.9916646, -22.2018315 ], [ 29.9906346, -22.2043521 ], [ 29.9893082, -22.2075692 ], [ 29.9892198, -22.2077727 ] ] } },
{ "type": "Feature", "properties": { "id": "way/589293723", "name": "Harare-Beitbridge Highway", "name_en": null, "name_sn": null, "name_nd": null, "highway": "trunk", "surface": "asphalt", "smoothness": null, "width": null, "lanes": "2", "oneway": "no", "bridge": null, "layer": null, "source": null, "adm0_pcode": "ZWE", "adm0_name": "Zimbabwe", "adm1_pcode": "ZW16", "adm1_name": "Matabeleland South", "adm2_pcode": "ZW1622", "adm2_name": "Beitbridge Urban", "adm3_pcode": "ZW162203", "adm3_name": "3", "adm4_pcode": null, "adm4_name": null, "name_latin": "Harare-Beitbridge Highway" }, "geometry": { "type": "LineString", "coordinates": [ [ 30.0003388, -22.1776758 ], [ 30.0011476, -22.1772641 ], [ 30.0014453, -22.1771212 ], [ 30.0019321, -22.1767997 ], [ 30.0022137, -22.176622 ], [ 30.0025208, -22.1763873 ], [ 30.0039116, -22.175051 ], [ 30.0041972, -22.1747865 ], [ 30.004444, -22.1745915 ], [ 30.0047082, -22.1744065 ], [ 30.0049348, -22.1742624 ], [ 30.0052071, -22.1741221 ], [ 30.0054847, -22.1740053 ], [ 30.0057355, -22.1739072 ], [ 30.0060278, -22.1738203 ], [ 30.006292, -22.1737569 ], [ 30.006799, -22.1736911 ], [ 30.0075379, -22.173665 ], [ 30.0080784, -22.173639 ], [ 30.0089501, -22.173612 ], [ 30.0098473, -22.1735843 ], [ 30.0106362, -22.1735532 ], [ 30.0110596, -22.1735061 ], [ 30.0113735, -22.1734502 ], [ 30.011804, -22.1733521 ], [ 30.0121513, -22.1732527 ], [ 30.0125536, -22.1731062 ], [ 30.0131759, -22.1728305 ] ] } },
{ "type": "Feature", "properties": { "id": "way/1346428175", "name": "Harare-Beitbridge Highway", "name_en": null, "name_sn": null, "name_nd": null, "highway": "construction", "surface": null, "smoothness": null, "width": null, "lanes": null, "oneway": null, "bridge": null, "layer": null, "source": null, "adm0_pcode": "ZWE", "adm0_name": "Zimbabwe", "adm1_pcode": "ZW16", "adm1_name": "Matabeleland South", "adm2_pcode": "ZW1622", "adm2_name": "Beitbridge Urban", "adm3_pcode": "ZW162203", "adm3_name": "3", "adm4_pcode": null, "adm4_name": null, "name_latin": "Harare-Beitbridge Highway" }, "geometry": { "type": "LineString", "coordinates": [ [ 30.0106362, -22.1735532 ], [ 30.0116524, -22.1734986 ], [ 30.0124839, -22.1733968 ], [ 30.0132832, -22.1732428 ] ] } },
{ "type": "Feature", "properties": { "id": "way/589293719", "name": "Harare-Beitbridge Highway", "name_en": null, "name_sn": null, "name_nd": null, "highway": "trunk", "surface": "asphalt", "smoothness": null, "width": null, "lanes": "2", "oneway": "no", "bridge": "yes", "layer": "1", "source": null, "adm0_pcode": "ZWE", "adm0_name": "Zimbabwe", "adm1_pcode": "ZW16", "adm1_name": "Matabeleland South", "adm2_pcode": "ZW1622", "adm2_name": "Beitbridge Urban", "adm3_pcode": "ZW162203", "adm3_name": "3", "adm4_pcode": null, "adm4_name": null, "name_latin": "Harare-Beitbridge Highway" }, "geometry": { "type": "LineString", "coordinates": [ [ 30.0131759, -22.1728305 ], [ 30.0133315, -22.1727609 ] ] } },
{ "type": "Feature", "properties": { "id": "way/1346428176", "name": "Harare-Beitbridge Highway", "name_en": null, "name_sn": null, "name_nd": null, "highway": "construction", "surface": null, "smoothness": null, "width": null, "lanes": null, "oneway": null, "bridge": null, "layer": null, "source": null, "adm0_pcode": "ZWE", "adm0_name": "Zimbabwe", "adm1_pcode": "ZW16", "adm1_name": "Matabeleland South", "adm2_pcode": "ZW1622", "adm2_name": "Beitbridge Urban", "adm3_pcode": "ZW162203", "adm3_name": "3", "adm4_pcode": null, "adm4_name": null, "name_latin": "Harare-Beitbridge Highway" }, "geometry": { "type": "LineString", "coordinates": [ [ 30.0225623, -22.1684886 ], [ 30.0214612, -22.1694921 ], [ 30.0194335, -22.170893 ], [ 30.0188488, -22.1712457 ] ] } },
{ "type": "Feature", "properties": { "id": "way/1346428174", "name": "Harare-Beitbridge Highway", "name_en": null, "name_sn": null, "name_nd": null, "highway": "construction", "surface": null, "smoothness": null, "width": null, "lanes": null, "oneway": "no", "bridge": "yes", "layer": "1", "source": null, "adm0_pcode": "ZWE", "adm0_name": "Zimbabwe", "adm1_pcode": "ZW16", "adm1_name": "Matabeleland South", "adm2_pcode": "ZW1622", "adm2_name": "Beitbridge Urban", "adm3_pcode": "ZW162203", "adm3_name": "3", "adm4_pcode": null, "adm4_name": null, "name_latin": "Harare-Beitbridge Highway" }, "geometry": { "type": "LineString", "coordinates": [ [ 30.0188488, -22.1712457 ], [ 30.0179878, -22.171663 ], [ 30.0163463, -22.1723436 ], [ 30.0145921, -22.172905 ], [ 30.0132832, -22.1732428 ] ] } },
{ "type": "Feature", "properties": { "id": "way/666036492", "name": "Harare-Beitbridge Highway", "name_en": null, "name_sn": null, "name_nd": null, "highway": "trunk", "surface": "asphalt", "smoothness": null, "width": null, "lanes": "2", "oneway": "no", "bridge": null, "layer": null, "source": null, "adm0_pcode": "ZWE", "adm0_name": "Zimbabwe", "adm1_pcode": "ZW16", "adm1_name": "Matabeleland South", "adm2_pcode": "ZW1622", "adm2_name": "Beitbridge Urban", "adm3_pcode": "ZW162203", "adm3_name": "3", "adm4_pcode": null, "adm4_name": null, "name_latin": "Harare-Beitbridge Highway" }, "geometry": { "type": "LineString", "coordinates": [ [ 30.0133315, -22.1727609 ], [ 30.0145277, -22.1722381 ], [ 30.015091, -22.1719884 ], [ 30.0185698, -22.1704596 ], [ 30.0208111, -22.1694755 ], [ 30.0211622, -22.1693108 ], [ 30.0215846, -22.1690972 ], [ 30.022109, -22.1687867 ], [ 30.0225623, -22.1684886 ], [ 30.0231068, -22.1680552 ], [ 30.0235882, -22.1676192 ], [ 30.0242762, -22.1669821 ], [ 30.0298981, -22.1617247 ], [ 30.0314042, -22.1603113 ], [ 30.0332298, -22.1586025 ] ] } },
{ "type": "Feature", "properties": { "id": "way/666036491", "name": "Harare-Beitbridge Highway", "name_en": null, "name_sn": null, "name_nd": null, "highway": "trunk", "surface": "asphalt", "smoothness": null, "width": null, "lanes": "2", "oneway": "no", "bridge": "yes", "layer": "1", "source": null, "adm0_pcode": "ZWE", "adm0_name": "Zimbabwe", "adm1_pcode": "ZW16", "adm1_name": "Matabeleland South", "adm2_pcode": "ZW1601", "adm2_name": "Beitbridge", "adm3_pcode": "ZW160115", "adm3_name": "15", "adm4_pcode": null, "adm4_name": null, "name_latin": "Harare-Beitbridge Highway" }, "geometry": { "type": "LineString", "coordinates": [ [ 30.0332298, -22.1586025 ], [ 30.0333817, -22.1584612 ] ] } },
{ "type": "Feature", "properties": { "id": "way/161388742", "name": "Harare-Beitbridge Highway", "name_en": null, "name_sn": null, "name_nd": null, "highway": "trunk", "surface": "asphalt", "smoothness": null, "width": null, "lanes": "2", "oneway": "no", "bridge": null, "layer": null, "source": null, "adm0_pcode": "ZWE", "adm0_name": "Zimbabwe", "adm1_pcode": "ZW16", "adm1_name": "Matabeleland South", "adm2_pcode": "ZW1601", "adm2_name": "Beitbridge", "adm3_pcode": "ZW160113", "adm3_name": "13", "adm4_pcode": null, "adm4_name": null, "name_latin": "Harare-Beitbridge Highway" }, "geometry": { "type": "LineString", "coordinates": [ [ 30.0962184, -22.1100531 ], [ 30.0970834, -22.1090392 ], [ 30.0979646, -22.1079806 ], [ 30.0989422, -22.1068238 ], [ 30.0999125, -22.1057366 ], [ 30.1002907, -22.1053297 ], [ 30.1020425, -22.1035805 ], [ 30.1026028, -22.1030565 ], [ 30.1038681, -22.1018388 ], [ 30.1044783, -22.1012337 ], [ 30.1059877, -22.0997805 ], [ 30.1080389, -22.0977942 ], [ 30.1121883, -22.0937744 ], [ 30.1154217, -22.0906665 ], [ 30.1173221, -22.0888237 ], [ 30.1192425, -22.0869621 ], [ 30.1197535, -22.0864837 ], [ 30.1201156, -22.0861146 ], [ 30.1204696, -22.0857642 ], [ 30.1216176, -22.0845041 ], [ 30.123471, -22.0824039 ], [ 30.1251742, -22.080495 ], [ 30.1266307, -22.0788322 ], [ 30.1282708, -22.076947 ], [ 30.1293826, -22.0755861 ], [ 30.1304609, -22.0741557 ], [ 30.1319092, -22.0721846 ], [ 30.1326764, -22.0711418 ], [ 30.1343179, -22.0689209 ], [ 30.1354015, -22.0674518 ], [ 30.13744, -22.064766 ], [ 30.1378919, -22.0642278 ], [ 30.1385316, -22.0634771 ], [ 30.1398365, -22.0620577 ], [ 30.1406559, -22.0612387 ], [ 30.1437834, -22.0582743 ], [ 30.1458862, -22.0562769 ], [ 30.1485336, -22.0537785 ], [ 30.1492873, -22.0530427 ], [ 30.1501791, -22.0521514 ], [ 30.1511984, -22.0510638 ], [ 30.151826, -22.0503677 ], [ 30.1522283, -22.049919 ], [ 30.1533629, -22.04863 ], [ 30.1541059, -22.0477885 ], [ 30.1574296, -22.0440397 ], [ 30.1593362, -22.041869 ], [ 30.1601958, -22.0408944 ], [ 30.1611802, -22.0397819 ], [ 30.1621203, -22.038714 ], [ 30.162823, -22.0378861 ], [ 30.1639442, -22.036505 ], [ 30.1647905, -22.0354073 ], [ 30.1653269, -22.0346726 ], [ 30.1666331, -22.0328141 ], [ 30.1693167, -22.0289814 ], [ 30.1718996, -22.0253065 ], [ 30.1751558, -22.0206443 ], [ 30.1759357, -22.0195539 ], [ 30.1785274, -22.0158588 ], [ 30.1816186, -22.0114388 ], [ 30.1828524, -22.0096757 ], [ 30.1833808, -22.0089247 ], [ 30.185245, -22.0062738 ], [ 30.1874618, -22.0031305 ], [ 30.1882075, -22.0020711 ], [ 30.1894855, -22.0002308 ], [ 30.1904766, -21.9988269 ], [ 30.1918499, -21.9968573 ], [ 30.1925741, -21.9958575 ], [ 30.1929496, -21.9953726 ], [ 30.1934673, -21.9947409 ], [ 30.1938924, -21.9942373 ], [ 30.1944785, -21.9935894 ], [ 30.1949586, -21.993097 ], [ 30.1954119, -21.9926443 ], [ 30.1974195, -21.9907529 ], [ 30.1982966, -21.9899285 ], [ 30.1986614, -21.9895678 ], [ 30.199336, -21.988956 ], [ 30.2001768, -21.9881639 ], [ 30.2009681, -21.9874128 ], [ 30.205045, -21.9835875 ], [ 30.207215, -21.9815555 ], [ 30.2088162, -21.9800084 ], [ 30.2111068, -21.977832 ], [ 30.2119115, -21.9770709 ], [ 30.2127537, -21.9763521 ], [ 30.2136254, -21.9756283 ], [ 30.2151033, -21.9745189 ], [ 30.2169621, -21.9732603 ], [ 30.2183247, -21.9723475 ], [ 30.2207816, -21.9706859 ], [ 30.2227288, -21.96937 ], [ 30.2262855, -21.9669497 ], [ 30.2273476, -21.966211 ], [ 30.2277553, -21.9659149 ], [ 30.2283454, -21.9654398 ], [ 30.2288282, -21.9650418 ], [ 30.2294746, -21.9644796 ], [ 30.2304375, -21.9635866 ], [ 30.2310249, -21.9630095 ], [ 30.2318242, -21.9622309 ], [ 30.2324921, -21.9615841 ], [ 30.2361426, -21.9580194 ], [ 30.2385297, -21.9556984 ], [ 30.2407023, -21.9535839 ], [ 30.2418047, -21.9525564 ], [ 30.243634, -21.9507777 ], [ 30.2464879, -21.9479839 ], [ 30.2475098, -21.9470236 ], [ 30.2481642, -21.9464265 ], [ 30.2488911, -21.9457897 ], [ 30.2502108, -21.9447149 ], [ 30.2512407, -21.9439238 ], [ 30.2524906, -21.9429933 ], [ 30.2542233, -21.9416697 ], [ 30.2557951, -21.9404879 ], [ 30.2577572, -21.9390051 ], [ 30.2601993, -21.9371715 ], [ 30.2621868, -21.9356737 ], [ 30.2635199, -21.9346636 ], [ 30.2649575, -21.9335663 ], [ 30.2658051, -21.9329393 ], [ 30.2679174, -21.9313358 ], [ 30.2699786, -21.9297881 ], [ 30.2715638, -21.9285938 ], [ 30.272862, -21.927621 ], [ 30.2735889, -21.927086 ], [ 30.274698, -21.9262313 ], [ 30.2768183, -21.9246239 ], [ 30.2776229, -21.9240293 ], [ 30.2788541, -21.9231434 ], [ 30.2801831, -21.9222029 ], [ 30.2826118, -21.920542 ], [ 30.2839006, -21.9196188 ], [ 30.2862677, -21.91804 ], [ 30.2874398, -21.9172362 ], [ 30.2907389, -21.9149768 ], [ 30.2925763, -21.9137251 ], [ 30.2950546, -21.9120255 ], [ 30.2993676, -21.9090767 ], [ 30.3020525, -21.9072377 ], [ 30.3040293, -21.9058939 ], [ 30.3060141, -21.9045202 ], [ 30.3076556, -21.9033008 ], [ 30.3085193, -21.9026363 ], [ 30.310252, -21.9012079 ], [ 30.3117594, -21.8998889 ], [ 30.3130817, -21.8987416 ], [ 30.3149378, -21.8971165 ], [ 30.3158823, -21.8962923 ], [ 30.3167886, -21.8955013 ], [ 30.3181753, -21.8942993 ], [ 30.3196827, -21.8930847 ], [ 30.3212987, -21.8918727 ], [ 30.3243604, -21.8896813 ], [ 30.3254863, -21.8888849 ], [ 30.3272639, -21.887638 ], [ 30.3283498, -21.8868738 ], [ 30.3308152, -21.8852909 ], [ 30.3341666, -21.8831828 ], [ 30.3372391, -21.8812564 ], [ 30.3406213, -21.8791283 ], [ 30.3439084, -21.8770599 ], [ 30.3451596, -21.8762733 ], [ 30.3478499, -21.8745745 ], [ 30.3500131, -21.8732217 ], [ 30.3521106, -21.871895 ], [ 30.3532197, -21.8712018 ], [ 30.3542107, -21.8705695 ], [ 30.3559864, -21.8694619 ], [ 30.3591219, -21.8674854 ], [ 30.3601518, -21.8668457 ], [ 30.3612971, -21.8661089 ], [ 30.362649, -21.8651754 ], [ 30.3636146, -21.8644635 ], [ 30.3643683, -21.863876 ], [ 30.3648832, -21.8634603 ], [ 30.3665516, -21.8620787 ], [ 30.3692043, -21.8598757 ], [ 30.3715298, -21.8579464 ], [ 30.3740993, -21.8558055 ], [ 30.375832, -21.8543542 ], [ 30.3778262, -21.852685 ], [ 30.3783157, -21.852273 ], [ 30.3789259, -21.8517515 ], [ 30.381922, -21.8491835 ], [ 30.3857562, -21.8458936 ], [ 30.3881407, -21.8438446 ], [ 30.3897849, -21.8424243 ], [ 30.3915659, -21.8408919 ], [ 30.3946343, -21.8382491 ], [ 30.3968176, -21.8363793 ], [ 30.3983425, -21.8350634 ], [ 30.3990465, -21.8344609 ], [ 30.4005405, -21.8331674 ], [ 30.4018146, -21.8320171 ], [ 30.4025871, -21.8312976 ], [ 30.4040837, -21.8298286 ], [ 30.4061269, -21.8277906 ], [ 30.4078683, -21.8260501 ], [ 30.4110441, -21.8228692 ], [ 30.412184, -21.8217313 ], [ 30.4133601, -21.8205199 ], [ 30.4145537, -21.8192624 ], [ 30.4154804, -21.8183099 ], [ 30.417704, -21.8160141 ], [ 30.4186629, -21.8150367 ], [ 30.4194997, -21.8141788 ], [ 30.4212727, -21.8123535 ], [ 30.4226446, -21.8109478 ], [ 30.4247032, -21.808815 ], [ 30.4255401, -21.8079546 ], [ 30.4261235, -21.8073806 ], [ 30.4269925, -21.8064716 ], [ 30.4281914, -21.8052215 ], [ 30.4293743, -21.8039589 ], [ 30.4303426, -21.802898 ], [ 30.4311016, -21.802055 ], [ 30.4318808, -21.8011759 ], [ 30.4329336, -21.799993 ], [ 30.4348527, -21.7978525 ], [ 30.4365009, -21.7960195 ], [ 30.4376516, -21.7947643 ], [ 30.4382524, -21.7941193 ], [ 30.4388317, -21.7935452 ], [ 30.4399636, -21.792488 ], [ 30.4406181, -21.7919264 ], [ 30.4417782, -21.7909812 ], [ 30.4425332, -21.7903673 ], [ 30.4436879, -21.7894458 ], [ 30.4447608, -21.7885704 ], [ 30.4452999, -21.7881457 ], [ 30.4460925, -21.787482 ], [ 30.4469106, -21.7867423 ], [ 30.4474349, -21.7862329 ], [ 30.4478708, -21.7857759 ], [ 30.4483348, -21.7852653 ], [ 30.448721, -21.7848145 ], [ 30.4490805, -21.7843886 ], [ 30.4494774, -21.7838755 ], [ 30.4498462, -21.7833811 ], [ 30.4504269, -21.7825181 ], [ 30.4508065, -21.7818992 ], [ 30.4515709, -21.7805915 ], [ 30.4519893, -21.7798966 ], [ 30.4531628, -21.777965 ], [ 30.4544207, -21.7758852 ], [ 30.4552442, -21.7745277 ], [ 30.4562607, -21.7728364 ], [ 30.4572156, -21.7713469 ], [ 30.4578271, -21.7704452 ], [ 30.458491, -21.7695622 ], [ 30.4593372, -21.7684549 ], [ 30.4605255, -21.7670102 ], [ 30.461719, -21.7655256 ], [ 30.4622743, -21.7648206 ], [ 30.4637387, -21.7630246 ], [ 30.4651496, -21.7612597 ], [ 30.4669011, -21.7590912 ], [ 30.4675287, -21.7583165 ], [ 30.4681, -21.7575691 ], [ 30.4688819, -21.7565677 ], [ 30.469535, -21.7556646 ], [ 30.4708546, -21.7537701 ], [ 30.4722413, -21.7517647 ], [ 30.4731801, -21.7504119 ], [ 30.4750872, -21.7476566 ], [ 30.4780564, -21.7433515 ], [ 30.4803497, -21.7400429 ], [ 30.4810309, -21.7390513 ], [ 30.4821923, -21.7373198 ], [ 30.4829594, -21.736084 ], [ 30.4837373, -21.7348009 ], [ 30.4841772, -21.7339986 ], [ 30.4850677, -21.7323293 ], [ 30.4870632, -21.7285919 ], [ 30.4881307, -21.726601 ], [ 30.4889193, -21.7251297 ], [ 30.4895563, -21.7239636 ], [ 30.4901343, -21.7228689 ], [ 30.4923204, -21.7187172 ], [ 30.4924786, -21.7183858 ], [ 30.492653, -21.7180145 ], [ 30.4929319, -21.717414 ], [ 30.4932243, -21.7167262 ], [ 30.4934937, -21.7160545 ], [ 30.4938599, -21.7151414 ], [ 30.4943535, -21.7139378 ], [ 30.49456, -21.7134519 ], [ 30.4948229, -21.7129112 ], [ 30.4952842, -21.7120764 ], [ 30.4956087, -21.711588 ], [ 30.4959279, -21.7111344 ], [ 30.496282, -21.7106759 ], [ 30.4965717, -21.7103245 ], [ 30.4969364, -21.7099059 ], [ 30.4973321, -21.7094897 ], [ 30.4975855, -21.7091982 ], [ 30.497898, -21.7088805 ] ] } }
]
}
